canon_key,phrase_norm,freq,row_id
frame,frame,145,0
handle,handle,111,1
tip,tip,72,2
break,break,59,3
shaft,shaft,55,4
rib,ribs,40,5
waterproof,waterproof,40,6
wind,wind,37,7
compact,compact,35,8
canopy,canopy,32,9
grip,grip,32,10
bent,bent,31,11
stick,stick,23,12
one propeller shaft,one propeller shaft,21,13
either the tip,either the tip,20,14
button,button,18,15
spoke,spokes,18,16
105 mm,105 mm,14,17
jam,jam,14,18
pistol grip,pistol grip,14,19
runner,runner,13,20
strap-on boosters,strap-on boosters,12,21
collapse,collapse,11,22
strap,strap,11,23
warp,warp,11,24
one shaft,one shaft,10,25
pointed tip,pointed tip,10,26
stretcher,stretcher,10,27
29 inch,29 inch,9,28
each tip,each tip,9,29
exposed lead tip,exposed lead tip,9,30
new canopy,new canopy,9,31
rain,rain,9,32
removable carrying handle,removable carrying handle,9,33
30 mm autocannon,30 mm autocannon,8,34
flip-flop,flip-flops,8,35
leak,leak,8,36
rust,rust,8,37
southern tip,southern tip,8,38
tear,tear,8,39
tip tanks,tip tanks,8,40
20 mm,20 mm,7,41
bend,bend,7,42
carrying handle,carrying handle,7,43
frame rate,frame rate,7,44
frame s,frame s,7,45
long shaft,long shaft,7,46
metal frame,metal frame,7,47
output shaft,output shaft,7,48
solar wind,solar wind,7,49
tear gas,tear gas,7,50
temporary frame,temporary frame,7,51
their frame,their frame,7,52
western tip,western tip,7,53
wooden frame,wooden frame,7,54
12 cycle stretchers,12 cycle stretchers,6,55
25 mm,25 mm,6,56
30 x 30 cm,30 x 30 cm,6,57
any inertial frame,any inertial frame,6,58
articulated frame grip,articulated frame grip,6,59
broken bay,broken bay,6,60
bubble canopy,bubble canopy,6,61
button gwinnett,button gwinnett,6,62
climbing frame,climbing frame,6,63
collapsible frame,collapsible frame,6,64
each rib,each rib,6,65
eastern tip,eastern tip,6,66
folding,folding,6,67
folding kayak,folding kayak,6,68
hollow grip,hollow grip,6,69
inertial frame,inertial frame,6,70
large rib,large rib,6,71
larger ribs,larger ribs,6,72
rain water,rain water,6,73
steel frame,steel frame,6,74
textured grip scales,textured grip scales,6,75
three stretchers,three stretchers,6,76
three-button coat,three-button coat,6,77
thumb rib,thumb rib,6,78
timber frame,timber frame,6,79
translucent canopy,translucent canopy,6,80
waterproof coating,waterproof coating,6,81
wheeled stretcher,wheeled stretcher,6,82
y-shaped frame,y-shaped frame,6,83
12 oerlikon 20 mm cannons,12 oerlikon 20 mm cannons,5,84
16 bofors 40 mm anti-aircraft guns,16 bofors 40 mm anti-aircraft guns,5,85
acid rain,acid rain,5,86
bent twigs,bent twigs,5,87
collapse features,collapse features,5,88
colt s waterproof cable,colt s waterproof cable,5,89
compact stretcher,compact stretcher,5,90
country style ribs,country style ribs,5,91
curved tip,curved tip,5,92
different frame,different frame,5,93
elk rib bones,elk rib bones,5,94
even storm scale features,even storm scale features,5,95
falling rain,falling rain,5,96
flip,flip,5,97
grip plaques,grip plaques,5,98
increased grip,increased grip,5,99
invert,invert,5,100
inverted,inverted,5,101
leaking water,leaking water,5,102
long handle,long handle,5,103
red tip,red tip,5,104
rip,rips,5,105
royax official website wheeled stretcher,royax official website wheeled stretcher,5,106
specially shaped stick,specially shaped stick,5,107
stalemate break,stalemate break,5,108
statues thumb right acid rain and weathering thumb right acid rain,statues thumb right acid rain and weathering thumb right acid rain,5,109
storm drainage,storm drainage,5,110
tension spokes,tension spokes,5,111
thunderstorm gust fronts,thunderstorm gust fronts,5,112
tip-up seats,tip-up seats,5,113
too small,too small,5,114
which soak,which soak,5,115
wind turbines,wind turbines,5,116
wood frame construction,wood frame construction,5,117
12.7 mm,12.7 mm,4,118
15 30 cm,15 30 cm,4,119
18 inches,18 inches,4,120
20 mm oerlikons,20 mm oerlikons,4,121
2200 mm,2200 mm,4,122
28 mm,28 mm,4,123
40 mm calibre,40 mm calibre,4,124
9 19mm parabellum,9 19mm parabellum,4,125
approximately 50 cm,approximately 50 cm,4,126
big bend,big bend,4,127
bite grip scuba mouthpiece,bite grip scuba mouthpiece,4,128
brass handle,brass handle,4,129
broken,broken,4,130
broken shield,broken shield,4,131
canopy breakers,canopy breakers,4,132
canopy cover,canopy cover,4,133
chrome plated spokes,chrome plated spokes,4,134
closed canopy,closed canopy,4,135
construction spokes,construction spokes,4,136
door frame,door frame,4,137
drive shaft,drive shaft,4,138
each frame,each frame,4,139
each handle,each handle,4,140
eight 20 mm oerlikons,eight 20 mm oerlikons,4,141
external frame,external frame,4,142
felt-tip pen,felt-tip pen,4,143
firm grip,firm grip,4,144
fold-out metal tongue,fold-out metal tongue,4,145
frame bundles,frame bundles,4,146
frame synchronization features,frame synchronization features,4,147
gold button,gold button,4,148
inverted spherical dome,inverted spherical dome,4,149
iron frame,iron frame,4,150
large frame,large frame,4,151
mounting 106mm recoilless rifles,mounting 106mm recoilless rifles,4,152
multi-bladed wind pump,multi-bladed wind pump,4,153
neil robertson stretcher,neil robertson stretcher,4,154
new bulged canopy,new bulged canopy,4,155
no tip color,no tip color,4,156
one single shaft,one single shaft,4,157
one tdm frame,one tdm frame,4,158
only a canopy,only a canopy,4,159
only an overhead ejection handle,only an overhead ejection handle,4,160
open canopy,open canopy,4,161
porous tip,porous tip,4,162
pvc foam handle,pvc foam handle,4,163
rain gutters,rain gutters,4,164
removable carrying handle and picatinny rail,removable carrying handle and picatinny rail,4,165
right trigger button,right trigger button,4,166
rip-cut,rip-cuts,4,167
rounded tip,rounded tip,4,168
rugged frame,rugged frame,4,169
seven spokes,seven spokes,4,170
shaft diameter,shaft diameter,4,171
sonry meaning wear-and-tear compensation,sonry meaning wear-and-tear compensation,4,172
square tip,square tip,4,173
starch break,starch break,4,174
station s canopy,station s canopy,4,175
stuck out tongue,stuck out tongue,4,176
sub compact thumb right the cz 2075 rami subcompact variant,sub compact thumb right the cz 2075 rami subcompact variant,4,177
system break,system break,4,178
thumb 150px the writing tip,thumb 150px the writing tip,4,179
tip fuel tanks,tip fuel tanks,4,180
tubular aluminum frame,tubular aluminum frame,4,181
two 37mm bk 3 7 anti-tank guns,two 37mm bk 3 7 anti-tank guns,4,182
unit bend,unit bend,4,183
upright frame,upright frame,4,184
velcro,velcro,4,185
waterproof ip65,waterproof ip65,4,186
wind or earthquake loads not long-term loading,wind or earthquake loads not long-term loading,4,187
wind turbi,wind turbi,4,188
wind turbine,wind turbine,4,189
wooden or plastic handle,wooden or plastic handle,4,190
1 cm,1 cm,3,191
12 inches,12 inches,3,192
12-16 mm,12-16 mm,3,193
15 mm,15 mm,3,194
200 mm,200 mm,3,195
203 170 mm,203 170 mm,3,196
22 oerlikon 20 mm cannon,22 oerlikon 20 mm cannon,3,197
24 bofors 40 mm gun,24 bofors 40 mm gun,3,198
24 spokes,24 spokes,3,199
25 cm self-resonant coil,25 cm self-resonant coil,3,200
3 32 inch,3 32 inch,3,201
3 fold stretcher,3 fold stretcher,3,202
35 mm plates,35 mm plates,3,203
39mm kehin fvkd flat slide carburetors,39mm kehin fvkd flat slide carburetors,3,204
45 mm armament,45 mm armament,3,205
47mm calibre,47mm calibre,3,206
5.56 45mm,5.56 45mm,3,207
5.56 mm,5.56 mm,3,208
7.62 39mm ar-15 30 round magazines,7.62 39mm ar-15 30 round magazines,3,209
84 245 mm r ammunition,84 245 mm r ammunition,3,210
9mm para,9mm para,3,211
accordion-like canopy,accordion-like canopy,3,212
acid rain buildings,acid rain buildings,3,213
another frame,another frame,3,214
articulated ribs,articulated ribs,3,215
associated ribs,associated ribs,3,216
authentication frame,authentication frame,3,217
balance shaft system,balance shaft system,3,218
bamboo handle,bamboo handle,3,219
below 300mm,below 300mm,3,220
bent shafts,bent shafts,3,221
black tip,black tip,3,222
both pistol grip,both pistol grip,3,223
box-like frame,box-like frame,3,224
brass tip,brass tip,3,225
button eyes,button eyes,3,226
catheter tip,catheter tip,3,227
central shaft,central shaft,3,228
ciliate primary ribs,ciliate primary ribs,3,229
compact galil sar,compact galil sar,3,230
compact mass,compact mass,3,231
compact support,compact support,3,232
concentrated sulfuric acid rain,concentrated sulfuric acid rain,3,233
dense canopy,dense canopy,3,234
dirty or bent cartridges,dirty or bent cartridges,3,235
driver type plastic handle grips,driver type plastic handle grips,3,236
dropped frame,dropped frame,3,237
dual tip exhaust,dual tip exhaust,3,238
duralumin frame,duralumin frame,3,239
eject button,eject button,3,240
elongated grip handles,elongated grip handles,3,241
elongated rear handle,elongated rear handle,3,242
especially a collapsible aluminium frame,especially a collapsible aluminium frame,3,243
fake button holes,fake button holes,3,244
fold stretcher,fold stretcher,3,245
folding blades,folding blades,3,246
folding knife,folding knife,3,247
folding stretcher,folding stretcher,3,248
frame break,frame break,3,249
frame mounted metal bumper,frame mounted metal bumper,3,250
frame slip,frame slip,3,251
frameless cockpit canopy,frameless cockpit canopy,3,252
framesa sill frame,framesa sill frame,3,253
fujin s wind bag,fujin s wind bag,3,254
german 7.5 cm,german 7.5 cm,3,255
green tip,green tip,3,256
grip and metal rails,grip and metal rails,3,257
grip fixed stocks,grip fixed stocks,3,258
handle mount,handle mount,3,259
handle scales,handle scales,3,260
handle shapes,handle shapes,3,261
heavy frame,heavy frame,3,262
heavy metal shaft,heavy metal shaft,3,263
heavy wooden frame,heavy wooden frame,3,264
high canopy,high canopy,3,265
horizontal shaft,horizontal shaft,3,266
horizontal vertical and inverted planes,horizontal vertical and inverted planes,3,267
inward fold brass,inward fold brass,3,268
isolated light rain and or wintry precipitation,isolated light rain and or wintry precipitation,3,269
king s promotional umbrella,king s promotional umbrella,3,270
lapis handle,lapis handle,3,271
light metal frame,light metal frame,3,272
loop handle,loop handle,3,273
lower-tier last umbrella,lower-tier last umbrella,3,274
mikado stick,mikado stick,3,275
natural tea forest canopy,natural tea forest canopy,3,276
northwestern tip,northwestern tip,3,277
not corrode,not corrode,3,278
offshore wind energy storage,offshore wind energy storage,3,279
open-heel and strap models,open-heel and strap models,3,280
orange tip color,orange tip color,3,281
original lever frame,original lever frame,3,282
phase break,phase break,3,283
pointed rib vaults,pointed rib vaults,3,284
polymer frame,polymer frame,3,285
poor quality local coal,poor quality local coal,3,286
precision grip,precision grip,3,287
previously broken down nodules,previously broken down nodules,3,288
reference frame,reference frame,3,289
rib bone,rib bone,3,290
rib bulges,rib bulges,3,291
rip cutting,rip cutting,3,292
rivetted ribs,rivetted ribs,3,293
rotating frame,rotating frame,3,294
royax official website basket stretcher,royax official website basket stretcher,3,295
rule stick,rule stick,3,296
secondary ribs,secondary ribs,3,297
shared shaft,shared shaft,3,298
simple stretcher,simple stretcher,3,299
six spokes,six spokes,3,300
straight handle,straight handle,3,301
stuck,stuck,3,302
sturdy 16-foot frame,sturdy 16-foot frame,3,303
sword handle,sword handle,3,304
thinner vertec-style grip,thinner vertec-style grip,3,305
throttle handle,throttle handle,3,306
tierceron ribs,tierceron ribs,3,307
tip plate,tip plate,3,308
tip-up barrel,tip-up barrel,3,309
two stretchers,two stretchers,3,310
umbrella,umbrellas,3,311
up to six stretcher patients,up to six stretcher patients,3,312
upright shaft,upright shaft,3,313
water leaks,water leaks,3,314
waterproof breathable fabric,waterproof breathable fabric,3,315
waterproof materials,waterproof materials,3,316
waterproof panniers,waterproof panniers,3,317
wave function collapse,wave function collapse,3,318
which break,which break,3,319
which corrode,which corrode,3,320
whose writing tip,whose writing tip,3,321
wind resistance,wind resistance,3,322
wind rose,wind rose,3,323
wind-exposed areas,wind-exposed areas,3,324
wind-savers wind-savers,wind-savers wind-savers,3,325
wind-sheared trees,wind-sheared trees,3,326
wind-up windows,wind-up windows,3,327
wooden handle,wooden handle,3,328
wooden ribs,wooden ribs,3,329
wooden spokes,wooden spokes,3,330
yavuz 16 compact,yavuz 16 compact,3,331
10 mm bore,10 mm bore,2,332
10.5 13 cm,10.5 13 cm,2,333
10.5 cm,10.5 cm,2,334
105 mm shermans,105 mm shermans,2,335
128 mm main gun,128 mm main gun,2,336
13 inches,13 inches,2,337
15 inch bathurst alloy wheels,15 inch bathurst alloy wheels,2,338
16 spokes,16 spokes,2,339
178 mm,178 mm,2,340
19 inches,19 inches,2,341
2 mm,2 mm,2,342
20 mm mg 151 20s,20 mm mg 151 20s,2,343
20 mm mg 151 cannon,20 mm mg 151 cannon,2,344
20 mm stand-off armour plates,20 mm stand-off armour plates,2,345
32 cm,32 cm,2,346
32 spoke wheel,32 spoke wheel,2,347
37 mm cannon-armed french spad s.xii,37 mm cannon-armed french spad s.xii,2,348
40 mm ag36 grenade,40 mm ag36 grenade,2,349
450 mm,450 mm,2,350
5 mm,5 mm,2,351
5.56mm,5.56mm,2,352
5.56mm variant,5.56mm variant,2,353
50 mm,50 mm,2,354
533 mm,533 mm,2,355
60 to 90 cm,60 to 90 cm,2,356
7 8 mm,7 8 mm,2,357
7.5 cm,7.5 cm,2,358
741 cm 1,741 cm 1,2,359
75 mm co,75 mm co,2,360
76 mm mountain gun model,76 mm mountain gun model,2,361
8 inch howitzers,8 inch howitzers,2,362
85 mm chance brothers incandescent petroleum vapour installation,85 mm chance brothers incandescent petroleum vapour installation,2,363
88 mm,88 mm,2,364
9.2 inch howitzers,9.2 inch howitzers,2,365
acoustic resonance frame right the hexagonal cloud feature,acoustic resonance frame right the hexagonal cloud feature,2,366
all common tension-spoke wheels,all common tension-spoke wheels,2,367
another wooden frame,another wooden frame,2,368
approximately 4.25 inches,approximately 4.25 inches,2,369
arrow s shaft,arrow s shaft,2,370
ballistic tip,ballistic tip,2,371
bare chassis frame-rails,bare chassis frame-rails,2,372
barrier break,barrier break,2,373
beef ribs,beef ribs,2,374
bent bolt,bent bolt,2,375
bent forceps,bent forceps,2,376
bent roof poles,bent roof poles,2,377
black shaft streaks,black shaft streaks,2,378
bladed or ovalized spokes,bladed or ovalized spokes,2,379
blue and red frame,blue and red frame,2,380
bolt handle,bolt handle,2,381
bone-in rib steak,bone-in rib steak,2,382
both the handle,both the handle,2,383
brush handle,brush handle,2,384
button-down collar,button-down collar,2,385
button-shaped bulb,button-shaped bulb,2,386
canada-wide acid rain strategy,canada-wide acid rain strategy,2,387
canopy jettison,canopy jettison,2,388
carved wooden handle,carved wooden handle,2,389
cloth ribs,cloth ribs,2,390
collapsed caverns,collapsed caverns,2,391
compact length,compact length,2,392
compact solution,compact solution,2,393
compact track loader.https www.bobcat.com loaders compact-track-loaders features,compact track loader.https www.bobcat.com loaders compact-track-loaders features,2,394
cone tip,cone tip,2,395
continuity break,continuity break,2,396
corrode,corrode,2,397
crossed rib vault,crossed rib vault,2,398
crossed spokes,crossed spokes,2,399
crotch strap,crotch strap,2,400
distribution frame,distribution frame,2,401
elaborate sculpted frame,elaborate sculpted frame,2,402
end tip,end tip,2,403
evacuation tip,evacuation tip,2,404
excellent grip,excellent grip,2,405
experimental 3 mm,experimental 3 mm,2,406
extraction shaft,extraction shaft,2,407
filtration break,filtration break,2,408
final tip,final tip,2,409
finger stick,finger stick,2,410
five button serge foreign service frocks,five button serge foreign service frocks,2,411
flexible frame,flexible frame,2,412
flip-top the flip-top swing-top or grolsch style,flip-top the flip-top swing-top or grolsch style,2,413
fogel grip,fogel grip,2,414
fold,fold,2,415
fold-down second-row seating,fold-down second-row seating,2,416
folding construction framework,folding construction framework,2,417
folding pocket knife,folding pocket knife,2,418
folding spike bayonet,folding spike bayonet,2,419
folding vertical grip,folding vertical grip,2,420
four slender strap-shaped petals,four slender strap-shaped petals,2,421
frame antenna,frame antenna,2,422
frame building,frame building,2,423
frame bundle,frame bundle,2,424
frame ch,frame ch,2,425
frame e,frame e,2,426
frame headers,frame headers,2,427
frame left selector switch cutout,frame left selector switch cutout,2,428
frame sizes,frame sizes,2,429
frame story,frame story,2,430
frame tubing,frame tubing,2,431
frame-subtype-dependent fixed fields,frame-subtype-dependent fixed fields,2,432
free-fall frame,free-fall frame,2,433
french drip coffee pots,french drip coffee pots,2,434
front and back strap,front and back strap,2,435
front strap,front strap,2,436
fruit jam,fruit jam,2,437
gila bend,gila bend,2,438
golden frame,golden frame,2,439
greyish-white or pale-gray compact,greyish-white or pale-gray compact,2,440
grip tape,grip tape,2,441
ground break,ground break,2,442
h-frame features,h-frame features,2,443
handle and gently tapered body,handle and gently tapered body,2,444
hardwood frame,hardwood frame,2,445
heavily corroded iron,heavily corroded iron,2,446
high-grip pedals,high-grip pedals,2,447
hooked tip,hooked tip,2,448
human precision grip capabilities,human precision grip capabilities,2,449
individually shaped transverse ribs,individually shaped transverse ribs,2,450
inscriptional ribs,inscriptional ribs,2,451
intersecting ribs,intersecting ribs,2,452
intersecting transverse ribs,intersecting transverse ribs,2,453
iron grip,iron grip,2,454
item break,item break,2,455
javelin tip,javelin tip,2,456
jenson button,jenson button,2,457
larger 43mm forks,larger 43mm forks,2,458
later two 30 mm nr-30 cannons,later two 30 mm nr-30 cannons,2,459
launch shaft,launch shaft,2,460
leading spokes,leading spokes,2,461
leakage,leakage,2,462
linkage break,linkage break,2,463
loading frame,loading frame,2,464
long 5 cm gun,long 5 cm gun,2,465
long frame,long frame,2,466
long grip handles,long grip handles,2,467
long handle or ear handles,long handle or ear handles,2,468
longer handled bent version,longer handled bent version,2,469
longer time frame,longer time frame,2,470
low pressure hyperbaric stretchers,low pressure hyperbaric stretchers,2,471
management frame,management frame,2,472
mantle break,mantle break,2,473
many wind turbine blades,many wind turbine blades,2,474
marble shaft,marble shaft,2,475
memorial s canopy,memorial s canopy,2,476
modern tomahawk shaft,modern tomahawk shaft,2,477
modified grip and sight assemblies,modified grip and sight assemblies,2,478
modified parachute canopy,modified parachute canopy,2,479
more ergonomic cocking handle,more ergonomic cocking handle,2,480
most black grip tape,most black grip tape,2,481
mouth grip,mouth grip,2,482
moving tangent frame,moving tangent frame,2,483
much wider tip,much wider tip,2,484
muscular frame,muscular frame,2,485
nearby anton shaft,nearby anton shaft,2,486
new frame,new frame,2,487
new roof canopy,new roof canopy,2,488
non-heddle frame,non-heddle frame,2,489
non-stick varieties,non-stick varieties,2,490
northernmost tip,northernmost tip,2,491
not rust,not rust,2,492
objective collapse,objective collapse,2,493
one inertial frame,one inertial frame,2,494
one stick,one stick,2,495
only a single authentication frame,only a single authentication frame,2,496
only a single shaft,only a single shaft,2,497
only one handle,only one handle,2,498
original canopy,original canopy,2,499
original shaft and engine-house,original shaft and engine-house,2,500
orthonormal frame bundle,orthonormal frame bundle,2,501
other folding knives,other folding knives,2,502
outer frame,outer frame,2,503
own co-moving frame,own co-moving frame,2,504
permutation invert,permutation invert,2,505
pistol grip model,pistol grip model,2,506
plate frame,plate frame,2,507
polished wooden handle,polished wooden handle,2,508
polymer tip,polymer tip,2,509
powerful 20 inch telescope,powerful 20 inch telescope,2,510
preceding fixed carrying handle,preceding fixed carrying handle,2,511
premature tip stall,premature tip stall,2,512
propeller tip vortex condensation,propeller tip vortex condensation,2,513
pull-start handle,pull-start handle,2,514
radar jam,radar jam,2,515
radial spokes,radial spokes,2,516
radio button,radio button,2,517
rain guard,rain guard,2,518
rain gutter,rain gutter,2,519
raised ribs,raised ribs,2,520
raylike spokes,raylike spokes,2,521
relaxed grip,relaxed grip,2,522
rest frame,rest frame,2,523
resting frame,resting frame,2,524
reversing shaft,reversing shaft,2,525
rib cage thumb left 200px x-ray image,rib cage thumb left 200px x-ray image,2,526
rigid frame,rigid frame,2,527
rod-shaped metal shaft,rod-shaped metal shaft,2,528
ror umbrella,ror umbrella,2,529
roughly 203 mm,roughly 203 mm,2,530
round or oval tip,round or oval tip,2,531
round spokes,round spokes,2,532
round wooden frame,round wooden frame,2,533
round wooden handle,round wooden handle,2,534
royax official website folding stretcher,royax official website folding stretcher,2,535
s designed to make e-bikes feel and handle more like normal bikes.,s designed to make e-bikes feel and handle more like normal bikes.,2,536
sculpted handle,sculpted handle,2,537
second rib,second rib,2,538
several strap-shaped hysteranthous green leaves,several strap-shaped hysteranthous green leaves,2,539
shaft drive,shaft drive,2,540
shaft mining operations,shaft mining operations,2,541
shaft output,shaft output,2,542
shaft straighteners,shaft straighteners,2,543
shaft thumb bent shaft paddles,shaft thumb bent shaft paddles,2,544
short shaft,short shaft,2,545
single handle,single handle,2,546
single hollow shaft,single hollow shaft,2,547
single propeller shaft,single propeller shaft,2,548
single strap,single strap,2,549
six cast iron ribs,six cast iron ribs,2,550
six stretchers,six stretchers,2,551
sliding canopy,sliding canopy,2,552
slightly reshaped grip,slightly reshaped grip,2,553
slingshot break,slingshot break,2,554
small horizontal shaft engine,small horizontal shaft engine,2,555
small strap,small strap,2,556
snap,snap,2,557
soak,soak,2,558
soaked,soaked,2,559
soaked dried bread,soaked dried bread,2,560
solar wind sample return mission,solar wind sample return mission,2,561
south eastern tip,south eastern tip,2,562
space break,space break,2,563
spoke crossings,spoke crossings,2,564
spring break-up,spring break-up,2,565
stanag 22 mm rifle,stanag 22 mm rifle,2,566
star-shaped tip,star-shaped tip,2,567
steel frame models,steel frame models,2,568
steel-frame buildings,steel-frame buildings,2,569
stick figure,stick figure,2,570
stick shaft,stick shaft,2,571
stick shaker,stick shaker,2,572
stick upright 0.4 the m ori people,stick upright 0.4 the m ori people,2,573
stiffer frame,stiffer frame,2,574
strap fencing,strap fencing,2,575
strap iron rails,strap iron rails,2,576
strap or sliding rivet,strap or sliding rivet,2,577
strap-shaped leaves,strap-shaped leaves,2,578
strong non-severe wind shear events,strong non-severe wind shear events,2,579
stud handle,stud handle,2,580
tail tip,tail tip,2,581
tall rain geta,tall rain geta,2,582
tdm frame,tdm frame,2,583
ten dorsal ribs,ten dorsal ribs,2,584
thin canopy,thin canopy,2,585
three 30 mm nr-30 cannons,three 30 mm nr-30 cannons,2,586
three wind turbines,three wind turbines,2,587
tight grip,tight grip,2,588
tip bend,tip bend,2,589
tip covers,tip covers,2,590
tip extensions,tip extensions,2,591
tip growth,tip growth,2,592
tip radii,tip radii,2,593
toe strap,toe strap,2,594
tongue tip,tongue tip,2,595
trap stick,trap stick,2,596
trapezoid grip shape,trapezoid grip shape,2,597
tree canopy,tree canopy,2,598
true ribs,true ribs,2,599
turns inside out,turns inside out,2,600
twelve slender ribs,twelve slender ribs,2,601
two 20 mm phalanx ciws mounts,two 20 mm phalanx ciws mounts,2,602
two 23 mm nr-23,two 23 mm nr-23,2,603
two compact discs,two compact discs,2,604
two timber frame arches,two timber frame arches,2,605
typically 4 5 inches,typically 4 5 inches,2,606
umbrella cloth,umbrella cloth,2,607
umbrella plant,umbrella plant,2,608
unsightly rust stains,unsightly rust stains,2,609
valens rx6 stretcher,valens rx6 stretcher,2,610
varying rib designs,varying rib designs,2,611
vertec frame,vertec frame,2,612
vertical frame,vertical frame,2,613
warp yarns,warp yarns,2,614
warped,warped,2,615
warped cane,warped cane,2,616
waterproof liners,waterproof liners,2,617
weapon break,weapon break,2,618
wheel-collapse,wheel-collapse,2,619
which snap,which snap,2,620
whose rest-frame frequency,whose rest-frame frequency,2,621
whose southernmost tip,whose southernmost tip,2,622
wide loop handle,wide loop handle,2,623
wider strap-shaped leaves,wider strap-shaped leaves,2,624
wind energy bumps,wind energy bumps,2,625
wind s energy,wind s energy,2,626
wind turbine installation,wind turbine installation,2,627
wind-and-waterproof trousers,wind-and-waterproof trousers,2,628
wing-folding mechanisms,wing-folding mechanisms,2,629
wireframe pistol grip,wireframe pistol grip,2,630
wooden shaft,wooden shaft,2,631
-spoke alloy wheels,-spoke alloy wheels,1,632
.31 in machine guns,.31 in machine guns,1,633
.5 in machine guns,.5 in machine guns,1,634
0.074 mm,0.074 mm,1,635
0.1 mm,0.1 mm,1,636
0.2 mm,0.2 mm,1,637
0.38 mm,0.38 mm,1,638
0.72 mm,0.72 mm,1,639
1.18 inch,1.18 inch,1,640
1.2 mm,1.2 mm,1,641
10 cm,10 cm,1,642
10 spokes,10 spokes,1,643
10 to 20 cm,10 to 20 cm,1,644
105 mm gun,105 mm gun,1,645
11 non-rib-bearing lumbar vertebrae,11 non-rib-bearing lumbar vertebrae,1,646
120 mm mortar,120 mm mortar,1,647
122 mm shrapnel shell,122 mm shrapnel shell,1,648
149 72 mm,149 72 mm,1,649
15 25 cm,15 25 cm,1,650
15.2 mm fin-stabilized discarding-sabot type,15.2 mm fin-stabilized discarding-sabot type,1,651
155.52 mbit s frame,155.52 mbit s frame,1,652
16 mm,16 mm,1,653
1720 mm,1720 mm,1,654
18.7 cm flute,18.7 cm flute,1,655
1mm thicker aluminum frame sections,1mm thicker aluminum frame sections,1,656
2 cm,2 cm,1,657
2 mm rubber mat,2 mm rubber mat,1,658
2-inch-wide 5 cm belt,2-inch-wide 5 cm belt,1,659
2.0 mm,2.0 mm,1,660
2.9 in .beretta 3032 tomcat covert,2.9 in .beretta 3032 tomcat covert,1,661
20 mm nylon rope,20 mm nylon rope,1,662
20-gram 15.2 mm fin-stabilized discarding-sabot type,20-gram 15.2 mm fin-stabilized discarding-sabot type,1,663
22 mm thick plate,22 mm thick plate,1,664
228 mm,228 mm,1,665
3 in capacity,3 in capacity,1,666
32 37 42 mm,32 37 42 mm,1,667
32 downward pointing spokes,32 downward pointing spokes,1,668
320 mm,320 mm,1,669
36 spokes speakers,36 spokes speakers,1,670
38 mm,38 mm,1,671
39mm kehin flat slide carburetors,39mm kehin flat slide carburetors,1,672
45 degree forward grip assault handle,45 degree forward grip assault handle,1,673
45 mm guns,45 mm guns,1,674
460 mm diameter cast metal bell,460 mm diameter cast metal bell,1,675
5-inch 127 mm mk22 mod 4 rocket,5-inch 127 mm mk22 mod 4 rocket,1,676
5.7 28 mm,5.7 28 mm,1,677
505 break familiale,505 break familiale,1,678
50mm screw mount,50mm screw mount,1,679
559 mm rim,559 mm rim,1,680
56 conventional stretchers,56 conventional stretchers,1,681
6 cm,6 cm,1,682
622 mm,622 mm,1,683
7 mm armour,7 mm armour,1,684
7 mm feature scales,7 mm feature scales,1,685
7.62 39mm akm assault rifle,7.62 39mm akm assault rifle,1,686
7.62 mm,7.62 mm,1,687
7.65 mm browning,7.65 mm browning,1,688
7.9 mm,7.9 mm,1,689
7.92 mm,7.92 mm,1,690
730mm,730mm,1,691
75 2mw gamesa g87 wind turbines,75 2mw gamesa g87 wind turbines,1,692
75 mm diameter schedule 40 pipe column,75 mm diameter schedule 40 pipe column,1,693
75 mm field gun,75 mm field gun,1,694
75 mm field guns,75 mm field guns,1,695
75 mm gun m3,75 mm gun m3,1,696
77gr open tip match bullet,77gr open tip match bullet,1,697
8 4 cm grg,8 4 cm grg,1,698
8.8 cm,8.8 cm,1,699
97.2 cm,97.2 cm,1,700
9mm luger,9mm luger,1,701
about 75 100 cm,about 75 100 cm,1,702
acceptable frame rates,acceptable frame rates,1,703
adjustable 43mm forks,adjustable 43mm forks,1,704
advertising frame,advertising frame,1,705
aether wind the motion,aether wind the motion,1,706
airtight canopy,airtight canopy,1,707
aka chromatic button melodica,aka chromatic button melodica,1,708
aluminum alloy frame,aluminum alloy frame,1,709
angled tip,angled tip,1,710
animal handle,animal handle,1,711
approximately 1 to 2 mm,approximately 1 to 2 mm,1,712
approximately 2.5 cm,approximately 2.5 cm,1,713
arched ribs,arched ribs,1,714
at least 19 rib-bearing thoracic,at least 19 rib-bearing thoracic,1,715
balance shaft,balance shaft,1,716
ball tip,ball tip,1,717
bearing shaft,bearing shaft,1,718
bent axis approach,bent axis approach,1,719
bent linkages,bent linkages,1,720
black frame,black frame,1,721
black polymer pistol grip,black polymer pistol grip,1,722
blackish shaft-streaks,blackish shaft-streaks,1,723
bolt operating handle,bolt operating handle,1,724
bolt release button,bolt release button,1,725
break movies,break movies,1,726
brick-clad steel frame,brick-clad steel frame,1,727
broken ceramics,broken ceramics,1,728
broken pediment,broken pediment,1,729
broken quern stones,broken quern stones,1,730
broken stele,broken stele,1,731
bubble-style canopy,bubble-style canopy,1,732
buff tip,buff tip,1,733
bullet tip,bullet tip,1,734
burnt tip,burnt tip,1,735
button car plan,button car plan,1,736
canonical frame,canonical frame,1,737
canopy area,canopy area,1,738
canopy density,canopy density,1,739
canopy hood,canopy hood,1,740
canopy-enclosed front cockpit,canopy-enclosed front cockpit,1,741
capstan handle,capstan handle,1,742
car-door canopy,car-door canopy,1,743
carved sandstone cross shaft,carved sandstone cross shaft,1,744
ceremonial canopy,ceremonial canopy,1,745
charging handle,charging handle,1,746
chemistry thumb class skin-invert,chemistry thumb class skin-invert,1,747
chin strap,chin strap,1,748
clock frame,clock frame,1,749
compact and subcompact cars,compact and subcompact cars,1,750
compact bone shell,compact bone shell,1,751
compact chainsets,compact chainsets,1,752
compact cranksets,compact cranksets,1,753
compact geometry,compact geometry,1,754
compact tissue,compact tissue,1,755
compact tractors,compact tractors,1,756
concepts frame,concepts frame,1,757
concrete frame,concrete frame,1,758
conventional frame,conventional frame,1,759
crank shaft,crank shaft,1,760
curved handle,curved handle,1,761
cutter grip,cutter grip,1,762
cz 75 d p r compact,cz 75 d p r compact,1,763
d-shaped grip,d-shaped grip,1,764
detachable carry handle,detachable carry handle,1,765
diagonal rib,diagonal rib,1,766
diagonal ribs,diagonal ribs,1,767
different tip design fro,different tip design fro,1,768
difficult-to-fit perfectly waterproof roof,difficult-to-fit perfectly waterproof roof,1,769
discrete-transistor flip-flops,discrete-transistor flip-flops,1,770
disposable tip sleeves,disposable tip sleeves,1,771
distal tip,distal tip,1,772
door tear,door tear,1,773
dorsal ribs,dorsal ribs,1,774
drip,drip,1,775
each shaft,each shaft,1,776
earlier green frame,earlier green frame,1,777
early stretcher,early stretcher,1,778
eight spokes,eight spokes,1,779
either rib-like or circular thickenings,either rib-like or circular thickenings,1,780
enos frame,enos frame,1,781
escrima stick,escrima stick,1,782
ethernet maximum frame size,ethernet maximum frame size,1,783
exposed thin ribs,exposed thin ribs,1,784
extended frame,extended frame,1,785
extensive steel space-frame,extensive steel space-frame,1,786
external frame packs,external frame packs,1,787
external or internal frame,external or internal frame,1,788
external ribs,external ribs,1,789
external stretcher panniers,external stretcher panniers,1,790
f430 s aluminium space frame,f430 s aluminium space frame,1,791
fewer spokes,fewer spokes,1,792
firing button,firing button,1,793
five 7.92 57mm mauser,five 7.92 57mm mauser,1,794
five or ten ribs,five or ten ribs,1,795
fixed frame,fixed frame,1,796
fixed upright handle,fixed upright handle,1,797
flattened tip,flattened tip,1,798
flip aperture sight,flip aperture sight,1,799
flip caps,flip caps,1,800
flip-flop sandal,flip-flop sandal,1,801
flip-out tail fins,flip-out tail fins,1,802
foam grip,foam grip,1,803
fold and thrust belt,fold and thrust belt,1,804
fold and thrust belts,fold and thrust belts,1,805
fold-down tray,fold-down tray,1,806
folding blade,folding blade,1,807
folding tubular aluminum stock,folding tubular aluminum stock,1,808
folding wings,folding wings,1,809
food break,food break,1,810
foot stretcher,foot stretcher,1,811
four 18.75-mw francis vertical shaft turbines,four 18.75-mw francis vertical shaft turbines,1,812
four flip-flops,four flip-flops,1,813
four full frame transfer,four full frame transfer,1,814
four strap-on solid-rocket boosters,four strap-on solid-rocket boosters,1,815
four stretchers,four stretchers,1,816
four-way grip,four-way grip,1,817
frame and deck beams,frame and deck beams,1,818
frame boundary octets,frame boundary octets,1,819
frame check sequence,frame check sequence,1,820
frame geometry,frame geometry,1,821
frame homomorphisms,frame homomorphisms,1,822
frame mount,frame mount,1,823
frame phenotype,frame phenotype,1,824
frame safety,frame safety,1,825
good grip,good grip,1,826
government thumbnail right wood-frame grain elevator,government thumbnail right wood-frame grain elevator,1,827
grip panels,grip panels,1,828
grip shell,grip shell,1,829
growth tip,growth tip,1,830
guard button,guard button,1,831
half stick,half stick,1,832
handguard vertical forward grip,handguard vertical forward grip,1,833
handle hole,handle hole,1,834
handled frame,handled frame,1,835
hard pyramidal tip,hard pyramidal tip,1,836
heavy open frame,heavy open frame,1,837
heavy rain,heavy rain,1,838
her centre propeller shaft,her centre propeller shaft,1,839
high frame rates,high frame rates,1,840
hk usp 9 mm pistol,hk usp 9 mm pistol,1,841
hollow handle,hollow handle,1,842
hood frame,hood frame,1,843
hook-tip,hook-tip,1,844
horizontal output shaft,horizontal output shaft,1,845
horizontal ribs,horizontal ribs,1,846
horizontal-axis wind turbine hawt .american wind energy association awea video,horizontal-axis wind turbine hawt .american wind energy association awea video,1,847
huge canopy porch,huge canopy porch,1,848
idler shaft,idler shaft,1,849
inch wide gold frame,inch wide gold frame,1,850
inclined shaft,inclined shaft,1,851
individual wind turbine,individual wind turbine,1,852
individually adjustable spokes,individually adjustable spokes,1,853
inertial reference frame,inertial reference frame,1,854
infant runner,infant runner,1,855
integral strap,integral strap,1,856
integrated air frame,integrated air frame,1,857
inter-spar diaphragm-type ribs,inter-spar diaphragm-type ribs,1,858
interior hood latch handle,interior hood latch handle,1,859
internal ribs,internal ribs,1,860
inverted frames,inverted frames,1,861
inverted pendulum,inverted pendulum,1,862
iron tip,iron tip,1,863
is usually made of dark wood and is straight rather than having a curved handle.,is usually made of dark wood and is straight rather than having a curved handle.,1,864
iv s cocking handle,iv s cocking handle,1,865
joystick and related button slider trigger controls,joystick and related button slider trigger controls,1,866
l-shaped plastic frame,l-shaped plastic frame,1,867
laboratory frame,laboratory frame,1,868
ladder frame,ladder frame,1,869
large tubular ladder-type frame,large tubular ladder-type frame,1,870
largely closed canopy,largely closed canopy,1,871
larger frame,larger frame,1,872
later bubble canopy,later bubble canopy,1,873
later purple frame. overlapping frames,later purple frame. overlapping frames,1,874
law break,law break,1,875
leak-proof,leak-proof,1,876
left-side-mounted charging handle,left-side-mounted charging handle,1,877
less than 18 inches,less than 18 inches,1,878
lexan polycarbonate canopy,lexan polycarbonate canopy,1,879
long free rear tip,long free rear tip,1,880
long narrow wooden shaft,long narrow wooden shaft,1,881
long pointed tip,long pointed tip,1,882
long shaft cross,long shaft cross,1,883
long stick shifter handle,long stick shifter handle,1,884
longer main wooden handle,longer main wooden handle,1,885
longer shaft,longer shaft,1,886
longitudinal ribs,longitudinal ribs,1,887
low canopy,low canopy,1,888
low evergreen canopy,low evergreen canopy,1,889
low spoke count,low spoke count,1,890
low-velocity 7.5 cm,low-velocity 7.5 cm,1,891
lower mandible tip pointing,lower mandible tip pointing,1,892
lunch break,lunch break,1,893
m3 rail frame,m3 rail frame,1,894
main canopy,main canopy,1,895
maintenance and ventilation shaft,maintenance and ventilation shaft,1,896
many folding knives,many folding knives,1,897
mask frame,mask frame,1,898
mass invert,mass invert,1,899
mechanical lever frame,mechanical lever frame,1,900
metal tip,metal tip,1,901
mitsubishi silent shaft 2.6 l,mitsubishi silent shaft 2.6 l,1,902
mk 1 early frame-and fabric folbot type,mk 1 early frame-and fabric folbot type,1,903
modern flip-flop,modern flip-flop,1,904
modified grip,modified grip,1,905
molecular folding,molecular folding,1,906
morale break,morale break,1,907
more compact design,more compact design,1,908
more obtuse angled tip,more obtuse angled tip,1,909
more triangular shaft,more triangular shaft,1,910
no grip,no grip,1,911
non-inertial frame,non-inertial frame,1,912
normal untagged ethernet frame,normal untagged ethernet frame,1,913
not leak,not leak,1,914
oak cap frame,oak cap frame,1,915
observational frame,observational frame,1,916
old 37 mm hotchkiss ps-1 guns,old 37 mm hotchkiss ps-1 guns,1,917
one concealed button,one concealed button,1,918
one piece aluminum handle,one piece aluminum handle,1,919
one-piece handle,one-piece handle,1,920
only its tip projecting,only its tip projecting,1,921
only two large strap-like leaves,only two large strap-like leaves,1,922
open frame,open frame,1,923
open timber frame,open timber frame,1,924
oriented frame bundle,oriented frame bundle,1,925
original reinforcing strap and centre piece,original reinforcing strap and centre piece,1,926
other short-barrelled solid-frame revolvers,other short-barrelled solid-frame revolvers,1,927
otherwise a rigid frame,otherwise a rigid frame,1,928
oxbone handle,oxbone handle,1,929
pale shaft streaks,pale shaft streaks,1,930
parallel rib,parallel rib,1,931
parallel ribs,parallel ribs,1,932
parasol-wing agricultural project,parasol-wing agricultural project,1,933
particular trade dress handle,particular trade dress handle,1,934
past time frame,past time frame,1,935
penhold grip,penhold grip,1,936
pivot frame,pivot frame,1,937
plane ladder frame,plane ladder frame,1,938
plastic or wooden handle,plastic or wooden handle,1,939
plier-type stretchers,plier-type stretchers,1,940
plywood ribs,plywood ribs,1,941
polygonal metal canopy,polygonal metal canopy,1,942
polypeptide backbone folding,polypeptide backbone folding,1,943
polyvinyl chloride plastic handle,polyvinyl chloride plastic handle,1,944
poor quality,poor quality,1,945
pressed-steel frame,pressed-steel frame,1,946
prominent diagonal rib,prominent diagonal rib,1,947
prominent ribs,prominent ribs,1,948
propeller shaft failure,propeller shaft failure,1,949
proprietary fn 5.7 28mm cartridge,proprietary fn 5.7 28mm cartridge,1,950
protein folding,protein folding,1,951
ptfe non-stick non stick and ceramic coatings many modern cookware items,ptfe non-stick non stick and ceramic coatings many modern cookware items,1,952
pusher stick,pusher stick,1,953
rail break,rail break,1,954
rail runner operating service,rail runner operating service,1,955
rain shadow,rain shadow,1,956
rain-gutter,rain-gutter,1,957
rain-magic ceremonies,rain-magic ceremonies,1,958
raised rib,raised rib,1,959
rear and remotely operated canopy doors,rear and remotely operated canopy doors,1,960
rear-sliding canopy,rear-sliding canopy,1,961
reduced-velocity 10mm auto cartridge,reduced-velocity 10mm auto cartridge,1,962
relatively compact sea skimming missile,relatively compact sea skimming missile,1,963
relatively powerful north wind,relatively powerful north wind,1,964
releasable metal snap,releasable metal snap,1,965
resonator frame zithers,resonator frame zithers,1,966
rhododendron maximum canopy,rhododendron maximum canopy,1,967
rib primal,rib primal,1,968
rib steak,rib steak,1,969
rigid metal frame,rigid metal frame,1,970
rimless 7.65 53mm mauser ammunition,rimless 7.65 53mm mauser ammunition,1,971
rotating handle,rotating handle,1,972
rotating shaft,rotating shaft,1,973
rotator shaft,rotator shaft,1,974
roughly half the spokes,roughly half the spokes,1,975
royal umbrella,royal umbrella,1,976
rubber tip,rubber tip,1,977
runner s balance,runner s balance,1,978
runner terry fox,runner terry fox,1,979
runner-up,runner-up,1,980
sacral ribs,sacral ribs,1,981
same frame,same frame,1,982
second button,second button,1,983
self-feeding screw tip,self-feeding screw tip,1,984
shaft size,shaft size,1,985
sharp-angled tip,sharp-angled tip,1,986
short handle,short handle,1,987
short hardwood handle,short hardwood handle,1,988
short mucronate tip,short mucronate tip,1,989
short rib,short rib,1,990
short sacral rib,short sacral rib,1,991
shoulder strap,shoulder strap,1,992
signatusiberian wolf130 px cabrera 1907 a subspecies with slighter frame than c.,signatusiberian wolf130 px cabrera 1907 a subspecies with slighter frame than c.,1,993
significant wind shift,significant wind shift,1,994
single blade shaft t-grip paddles,single blade shaft t-grip paddles,1,995
single engine-mounted 20 mm cannon,single engine-mounted 20 mm cannon,1,996
single flat handle,single flat handle,1,997
single rigid shaft,single rigid shaft,1,998
single wing-fold mechanism,single wing-fold mechanism,1,999
sir thomas button,sir thomas button,1,1000
six-part rib vaults,six-part rib vaults,1,1001
slighter frame,slighter frame,1,1002
small canopy,small canopy,1,1003
small wooden frame theatre,small wooden frame theatre,1,1004
smaller canopy,smaller canopy,1,1005
smash is used more often with penhold grip.,smash is used more often with penhold grip.,1,1006
smooth-bore 5 inch,smooth-bore 5 inch,1,1007
soft tip,soft tip,1,1008
solid bronze frame,solid bronze frame,1,1009
some gastralic ribs,some gastralic ribs,1,1010
some leakage,some leakage,1,1011
some very early steel frame cars,some very early steel frame cars,1,1012
southernmost tip,southernmost tip,1,1013
soviet 7.62 39mm,soviet 7.62 39mm,1,1014
space frame design,space frame design,1,1015
spade break,spade break,1,1016
specialized bariatric stretchers,specialized bariatric stretchers,1,1017
split handle,split handle,1,1018
split runner,split runner,1,1019
spring-handle mechanism,spring-handle mechanism,1,1020
square or flat tip,square or flat tip,1,1021
standard 92-series grip profile,standard 92-series grip profile,1,1022
starboard propeller shaft,starboard propeller shaft,1,1023
stationary frame,stationary frame,1,1024
stationary inertial frame,stationary inertial frame,1,1025
steel sub frame,steel sub frame,1,1026
steel tube frame chassis,steel tube frame chassis,1,1027
stick shakers,stick shakers,1,1028
stick-fit engagement,stick-fit engagement,1,1029
stm-1 frame,stm-1 frame,1,1030
storm,storm,1,1031
story break,story break,1,1032
strap iron,strap iron,1,1033
strap-on dildo,strap-on dildo,1,1034
stronger integral shaft disk,stronger integral shaft disk,1,1035
such a frame,such a frame,1,1036
suitable frame,suitable frame,1,1037
supporting frame,supporting frame,1,1038
tapered shaft,tapered shaft,1,1039
tender frame,tender frame,1,1040
their grip technology,their grip technology,1,1041
these pit crater chain collapse zones,these pit crater chain collapse zones,1,1042
thick closed canopy,thick closed canopy,1,1043
thin spokes,thin spokes,1,1044
thinner vertec frame,thinner vertec frame,1,1045
thrusting tip,thrusting tip,1,1046
thumb right the evacuation tip,thumb right the evacuation tip,1,1047
thus the grip,thus the grip,1,1048
tibial shaft,tibial shaft,1,1049
time break,time break,1,1050
tip colors,tip colors,1,1051
tip pointing,tip pointing,1,1052
tip speed,tip speed,1,1053
tip weight boxes,tip weight boxes,1,1054
tip-edge brackets,tip-edge brackets,1,1055
tip-jet combustion chambers,tip-jet combustion chambers,1,1056
tip-seal retainers,tip-seal retainers,1,1057
too short,too short,1,1058
tool s handle,tool s handle,1,1059
toothbrush handle,toothbrush handle,1,1060
toothed tip,toothed tip,1,1061
top handle,top handle,1,1062
traditional chewing stick,traditional chewing stick,1,1063
traditional stretcher,traditional stretcher,1,1064
transversely hinged tilt-open rearmost canopy,transversely hinged tilt-open rearmost canopy,1,1065
triangular base frame,triangular base frame,1,1066
trigger grip,trigger grip,1,1067
tubular frame design,tubular frame design,1,1068
tubular steel space-frame construction,tubular steel space-frame construction,1,1069
twin curved tubed frame,twin curved tubed frame,1,1070
two fuselage-mounted 12.7 mm,two fuselage-mounted 12.7 mm,1,1071
two ventilation shaft buildings,two ventilation shaft buildings,1,1072
two vickers s 40 mm guns,two vickers s 40 mm guns,1,1073
typhoon five-spoke mainwheels,typhoon five-spoke mainwheels,1,1074
typically a shaft furnace,typically a shaft furnace,1,1075
umbrella body,umbrella body,1,1076
unique feature termed colony inversion,unique feature termed colony inversion,1,1077
v-shaped tip,v-shaped tip,1,1078
vertical forward grip,vertical forward grip,1,1079
vertical input shaft,vertical input shaft,1,1080
very narrow white tip,very narrow white tip,1,1081
virtually the same 105 mm howitzer,virtually the same 105 mm howitzer,1,1082
vise s handle,vise s handle,1,1083
warp-faced steep or regular twill,warp-faced steep or regular twill,1,1084
waterproof poncho,waterproof poncho,1,1085
waterproof technologies,waterproof technologies,1,1086
weft and warp threads,weft and warp threads,1,1087
welded steel tube frame,welded steel tube frame,1,1088
wheel spokes,wheel spokes,1,1089
wheel-shaped handle,wheel-shaped handle,1,1090
which bend,which bend,1,1091
white frame,white frame,1,1092
white tip,white tip,1,1093
whose carry handle,whose carry handle,1,1094
wider frame,wider frame,1,1095
wider turnt up tip,wider turnt up tip,1,1096
wind deflectors,wind deflectors,1,1097
wind farm,wind farm,1,1098
wind speed,wind speed,1,1099
wind tunnel,wind tunnel,1,1100
wind velocity,wind velocity,1,1101
wind-up toy,wind-up toy,1,1102
wing-mounted 20 mm cannon,wing-mounted 20 mm cannon,1,1103
wire-spoke tension wheel,wire-spoke tension wheel,1,1104
wood frame,wood frame,1,1105
wood frame interior,wood frame interior,1,1106
wood tip,wood tip,1,1107
wooden grip panels,wooden grip panels,1,1108
woolnerian tip,woolnerian tip,1,1109
yellow frame,yellow frame,1,1110
yellow tip,yellow tip,1,1111
