object,freq
cable,68
wire,33
connector,15
core,4
port,3
foam,3
glue,2
clamp,2
converter,1
tape,1
connectors,47
cables,36
fan,20
sata,16
wires,10
coil,10
coil springs,34
atx,5
shielding,2
pcie,2
inductor,1
cable-haulage,1
national rail services,11
two wires,8
bnc connectors,7
rail service,7
coaxial cable,6
fine wire,6
rail lines,6
power supply,5
one cable,5
one coil,5
overhead wires,5
time warner cable,5
cable cars,5
rail traffic,5
rail services,4
female connectors,4
litz wire,4
modular connectors,4
light rail vehicles,4
coaxial cables,4
its fan,4
rca connectors,4
sata drives,4
coil taps,4
third rail shoes,4
cable length,4
each coil,4
rail transport,4
rail cars,3
cable wireless,3
male connectors,3
heavy rail trains,3
spanish rail operator renfe,3
cable lengths,3
other cable,3
sata interface,3
single-coil pickups,3
one connector,3
rail operators,3
long cables,3
atx power supplies,3
light rail service,3
two single coil pickups,3
rail canada,3
other rail services,3
insulated wire,3
fan kuai,3
cable-stayed bridges,2
multiple wires,2
corrugated cardboard extruded polystyrene foam,2
special dual-purpose connectors,2
parallel wires,2
fiber-optic cable,2
rail links,2
shorter 32-bit connectors,2
its cable,2
sata devices,2
rail accounting,2
st connectors,2
armored cable,2
optical fiber cables,2
amiga-specific connectors,2
hdmi port,2
ordinary bnc connectors,2
round wires,2
gg45 or tera connectors,2
solid core cable,2
coil spring,2
cable services,2
guillemin connectors,2
video cable,2
sata 6 gbit s,2
each cable,2
wire mesh,2
other underground and british rail lines,2
filter capacitors,2
trs connectors,2
conventional serial port technology,2
helicopter pad,2
rail network,2
overhead catenary wires,2
cable providers,2
proprietary connectors,2
25 kv ac,2
cable ties,2
thermal barrier coatings,2
atx12v connector,2
cable service,2
each inductor,2
rail west,2
vga connectors,2
cable companies,2
regular removable rca cables,2
rail yard speno,2
increased rail passenger services,2
chinese fan palm,2
rail travel,2
cable gutter,2
either two- or three-pin connectors,2
its cables,2
117 connector,2
toyota ttc-c catalytic converter,2
cable-laying gear,2
unbalanced cable,2
coil radius,2
transformer oil,2
dc traction motors,2
ac traction motors,2
usb ports,2
two cables,2
three cable tanks,2
cable haulage,2
coil springs gas-pressurized shock absorbers,2
submarine cable,2
fan-made levels,2
mexican fan palms,2
cable and streaming providers,2
cable networks,2
wire bridges,2
test connectors,2
wire rope,2
third rail power supply,2
48 cables,2
optical cables,2
california fan palms,2
cable drums,2
small rail wheels,2
cable company,2
other major trans-oceanic cable networks,2
platinum-containing wire alloy usually platinum iridium,2
fibre optic cables,2
fell centre rail braking,2
network rail s property team,2
cable barrier,2
fairfax connector,2
only a vga connector adapter cable,2
both sata,2
universal plug,1
41612 connectors,1
micro-ribbon connectors,1
micro ribbon type connectors,1
pcie graphics cards manufacturers,1
two or three connectors,1
earlier connectors,1
earlier cables,1
later connectors,1
three differently colored connectors,1
comlynx cable,1
thicker wire,1
two audio connectors,1
5 submarine cables,1
two single-coil pickups,1
cable internet service providers,1
its excellent road and rail links,1
commuter rail trains,1
multiple commuter rail routes,1
two commuter rail routes,1
sixteen electrified commuter rail lines,1
two frequent suburban rail services,1
magnetic-core memory,1
coaster commuter rail service,1
maximum allowed cable length attempt,1
troubleshooting wires,1
adhesive tape,1
port erin,1
coil tapped pickups,1
different connectors,1
two edge connectors,1
one dedicated cable,1
fiber-optic cables,1
primary coil gradient coils,1
only a single five-volt power supply,1
bounded fan,1
edge connectors,1
industry-standard connectors,1
securely pad messages,1
serial cables,1
relatively short cables,1
8p8c connectors,1
either a db-25 or de-9 connector,1
eight adapter sleeves,1
snare wires,1
its central gotthard rail tunnel,1
trrs connector,1
twisted pair cable,1
optical fiber cable,1
cable landing points,1
national rail services links,1
its rail services,1
standard connectors,1
standard type k connector,1
dense bus and light rail networks,1
common usb cables,1
kuto cable cutters,1
special flattened wire,1
braided wire,1
n connectors,1
two new connectors,1
category 5 cable,1
tape drive,1
fan-shaped capitals,1
two discrete rail networks,1
compatible card-edged printer cable,1
floppy drive cable,1
rail and road network,1
several wires,1
7-pin mini-din connectors,1
heavy submarine cables,1
multi-function plug-in units,1
wire loops,1
two interwound insulated wires,1
american rail transport,1
other connector,1
transatlantic cables,1
fan-made material,1
active rail assets,1
fan-built tools,1
mainline rail and bus services,1
mainline rail trains,1
heavy rail lrt,1
category 5 and 5e cables,1
two parallel coaxial cables,1
three-pin mini-din connectors,1
six-position modular connectors,1
rail vehicles,1
microwave radio relay cable tropospheric scatter,1
two bnc connectors,1
power supply circuits,1
ac power rath,1
ac circuits,1
full-size connectors,1
at least 31 submarine cables,1
crossover cables,1
normal port choices,1
its own thermocouple temperature sensor,1
rail trails,1
de-xx connectors,1
coaxial cables optical fibers,1
nationwide rail transport bus services cycling,1
its own cable car,1
one pci graphics adapter,1
resistance wire wound,1
duron core data,1
d-subminiature connectors,1
miniature-to-subminiature coaxial cable,1
rca connector jacks,1
standard interface connectors,1
conductor cable,1
56 wires,1
modular assembly,1
submarine cable manufacture,1
eurostar rail services,1
26 connector,1
isp programming cable,1
either an apple display connector,1
one or two fixed cables,1
major private rail operators,1
rail routes,1
new cable,1
its core,1
either 4 connectors,1
shell gorgets fan headdresses,1
passenger rail service,1
connector end-face inspection traveling microscope,1
two ribbon cables,1
its own dedicated data cable,1
rail workers housing,1
rail commuter rail service,1
convenient rail access,1
15-bit core memory plus parity bit,1
passenger rail traffic,1
24-fiber mpo connectors,1
only 4 pcie lanes,1
pcie v1,1
two separate cables,1
lc connector,1
mpo connectors,1
lc connectors,1
its fenestron ducted-fan anti-torque device,1
separate connectors,1
its forward port-side fuselage,1
some connectors,1
multi-pin connectors,1
many ethernet patch cables,1
incompatible connectors,1
many other connectors,1
different-colored connectors,1
automated calibration adapter removal,1
apc-7 connector pairs,1
two usb connectors,1
rotol cooling fan,1
vertical radiator wires,1
horizontal capacitive topload wires,1
fine wire wound,1
ieee 488 connectors,1
umbilical cable,1
rail splitting,1
thin wires,1
communication cable,1
modular armour,1
rail franchises,1
coated wire,1
1 sata2 port,1
kanthal wire,1
xlr connector,1
sata data cables,1
most sata drives,1
internal sata,1
internal sata usb,1
sata converter,1
standard legacy sata,1
sata 6 gbit,1
sata 6 gbit s devices,1
sca-2 connectors,1
common rail cursor9 engine,1
zif-style connectors,1
each contact and catenary wire,1
buried cables,1
laid cable,1
existing rail tracks,1
separate cable ducts,1
longer cable travel,1
fixed ladders cables,1
core-independent peripherals sleep,1
standard 50 ohm coaxial cables,1
six wires,1
eps foam,1
regular rail signals,1
data cable,1
serial cable,1
enough plug sockets,1
usb cable,1
rail service privatisation train operating companies,1
two fibre optic telecommunications cables,1
port hood nova scotia,1
fan-made films,1
reduced fan speeds,1
whipped fan units,1
national rail trains,1
numerous fan cabinets,1
conventional passenger rail service,1
idc connector,1
every connector,1
every wire,1
three connectors ribbon cables,1
molded connectors,1
two superconducting wires,1
ac input,1
flexible pipe connectors,1
free digital set-top converter boxes,1
digital cable channels,1
hot plug-in,1
just one cable,1
one output connector,1
91 connector,1
underground and british rail lines,1
molex connectors,1
commercial fan controllers,1
wire grills,1
fan grills,1
296 individual wires,1
10 952 wires,1
main cable,1
one coil reverse,1
coil splits,1
two or three p-90 single-coil,1
rotary coil tap,1
smooth galvanized wire,1
lightweight woven wire,1
cell foam,1
fan sediment beds,1
3d aerodynamic fan blades,1
insulated wire wound,1
parallel iron wires,1
spectra cable,1
xlr connectors pins,1
insulated wire strands,1
njt bus and rail services,1
steamed canvas glue,1
wire screen,1
two thermal expansion curves,1
connector streets,1
modular seating,1
all rail passengers,1
dual die quad-core cpus,1
74 rail vehicles,1
rg-174 coaxial cable,1
heavy rail freight,1
communications cable,1
reflective tape patches,1
only an out connector,1
three-pin xlr connectors,1
cable service operators,1
only one coil,1
two 150 cables,1
some usb flash drives,1
one stationary cable,1
some ac battery chargers,1
cable television channel showtime,1
reusable cloth filter inserts,1
permanent filter inserts,1
thermal coefficient,1
two new three-lane cable-stayed bridges,1
general electric cj805 aft-fan engines,1
colour coded luer-lock connector,1
power supply outlets,1
bell system connectors,1
both wires,1
six fully wired 8p8c connectors,1
one non-rewirable plug connector,1
one non-rewirable connector,1
one plug,1
one plug connector,1
c13 connectors,1
e plug connector,1
port darlington,1
edge connector,1
bottom edge connectors,1
three cable-stayed bridges,1
light rail transit,1
frequent commuter rail service,1
catenary wires,1
cable television laboratories,1
dedicated ddc2b wires,1
dc rectifiers,1
diesel engine filter product lines,1
two regional rail services,1
one 5-meter-diameter core stage,1
most transmission line cables,1
both cable,1
52-inch fan beam,1
one remaining cable,1
cable modulators,1
some atx cases,1
seven pci-e slots,1
standard atx specification connectors,1
core duo pcs,1
british rail class,1
transatlantic cable,1
both positive and negative cables,1
new rail ties,1
narrow gauge rail tracks,1
its existing cable services,1
three cables,1
several parallel wires,1
33 cables,1
two smaller cables,1
de-9 connectors,1
9 472 parallel wires,1
256 wires,1
advanced rail networks,1
overhead wire,1
vince cable,1
graphics core,1
wire-wheel covers,1
possible rail service,1
thunderbolt connectors,1
common coaxial cable connectors,1
60320 c13 appliance connector,1
5-15 wall plug,1
electrical connectors,1
power cables,1
rail canadian,1
only one connection cable,1
amateur radio zines fan clubs,1
urban rail transport,1
two rail tracks,1
new swept fan blades,1
composite fan blades,1
variable-pitch fan blades,1
fan blades,1
ac transformer,1
parallel inductor,1
light rail services,1
light rail platforms,1
four rail lines,1
modern light rail vehicles,1
light rail transit association london,1
xlr connectors,1
2 or 4 connectors,1
shorter multicore cables,1
many individual connectors,1
single-core screened cables,1
first airport rail link,1
rail amtrak,1
atx micro,1
rail and road access,1
one helical wire,1
two or four wires,1
coaxial cable feedline,1
digital converter ports,1
i-215 sr 210 connector ramps,1
cable dsl,1
oceanic cable,1
rail transportation routes,1
9-pin micro-d connectors,1
reflex sight and accessory rail thumb,1
massive cable anchorages,1
active rail lines,1
third rail electrical pickup,1
fan letters,1
fan spray,1
wire mesh boxes,1
vendor information usb support,1
cable operators vid otron,1
large modular components,1
tape drive hardware,1
f connectors,1
compression connectors,1
rail tracks,1
cat-5 cable,1
four connector bolts,1
115 or 230 v ac,1
differing connectors,1
arrestor wires,1
arrestor cables,1
basf- and agfa-manufactured chrome-dioxide tape,1
one fan stage,1
commuter rail service,1
mono-cable gondola lifts,1
-cable gondola lifts,1
rail car height,1
fan-favorite columns,1
modular amap composite armour,1
bimetal coil,1
its own cable network,1
eight usb,1
two usb ports,1
two airport rail links,1
two light rail tram lines,1
dc bias,1
many cables,1
shield zvezda,1
its serial link port,1
multiple unique modular ones,1
electrical cable,1
german barbed wire,1
cable flow control,1
continued cable carriage,1
tape drives,1
each power wire,1
power converter,1
revised coil springs,1
rotor coil,1
larger fan,1
multiple twisted-pair cables,1
at least one common booster core,1
fan roll posts,1
newer connectors,1
rail commuters,1
fan-cooled subtypes,1
connecting rail service,1
installed cables,1
diameter fan,1
direct intercity rail service,1
11 cable deadpool,1
comic book fan letters,1
its core two single-track tunnels,1
public transport rail services,1
eps-core structural insulated panel,1
foam-core panels,1
polyurethane foam cores,1
long-time superman fan bibbo bibbowski,1
all the cables,1
computer parallel port,1
coil windings,1
multimodel rail transit,1
most other connectors,1
rp-sma connectors,1
connectors category,1
light rail daily ridership service,1
thin wire,1
thin one-dimensional wires,1
multispectral visible and thermal imaging payloads,1
transformer lines,1
two dc motors,1
four ac motors,1
one heavy rail line,1
port forwarding,1
skyline rail service,1
four or five wires,1
dilapidated rail infrastructures theft,1
at least one n connector,1
one f connector socket,1
adapter cables pressure switches,1
coil sockets,1
modular jacks,1
18 composite fan,1
popular fan wishes,1
61 plug-in cards,1
alternatively a third-party heatsink,1
rounded cables,1
older network cables,1
fan art cosplay,1
recycled polyurethane foam,1
flexible insulated equipment wire,1
its own rail terminal,1
pcie gen4 support,1
2 light rail vehicles,1
unpowered litz wire cables,1
cable wireless optus,1
front fan-cooled and heated seats,1
phone cables,1
25 connector,1
standard gauge rail track,1
short coiled cable,1
thick detachable cable,1
detachable sdl cable,1
2 ps 2 cable,1
non-detachable coiled cable,1
warner cable sportsnet,1
fan speeds,1
fan control,1
its coil,1
added fan,1
three-prong ac connector,1
3 parallel cables,1
eight long 270kv submarine cables,1
four 12-pulse converter groups,1
two bolt main bearing caps,1
transformer architecture,1
2017 transformer based models,1
urban rail transport metre-gauge light metros,1
one wire,1
two such wires,1
rail and road links,1
klegecell foam,1
cable provider,1
one inductor,1
sr 13 connector,1
sr 141 connector,1
power-line communication connectors,1
rope cord wire,1
rail car parts,1
port melbourne australia,1
cable management ireland,1
123 connector,1
twin coil packs,1
multi-core cable,1
direct road and rail access,1
modular rail mounts,1
any standard usb mini-b cable,1
many usb,1
several input and output connectors,1
television coaxial cable,1
all cable,1
equivalent coaxial cables,1
frayed cables,1
connectors escon,1
rogers cable,1
cable ace awards,1
picatinny rail bors,1
external rail transits,1
wire cable,1
rch cables,1
125 mm storz connectors,1
lightweight cable,1
common rail engine,1
rail express systems livery,1
east rail line domestic service,1
its east rail trains,1
non-existence and rail lines,1
optical fibre channel connectors,1
corresponding cables,1
much simpler cable,1
other mtr heavy rail lines,1
hydroxyl- and or water bearing materials,1
lug connectors,1
usb firewire,1
mixed gender connectors,1
hermaphroditic multipin quick-disconnect connectors,1
subscription cable,1
transact and neighbourhood cable,1
eth jumper cables,1
wire structures,1
transverse cables,1
chatswood rail link,1
shield volcanoes,1
two rail sidings,1
port multiplier support,1
dmx converter,1
required flexible glue,1
only the output connector,1
network rail releasing time lapse footage,1
cable galleries,1
three identical sensor,1
three identical sensor heads,1
uncorrected rail creep,1
8p8c connector,1
both agp and pcie slots,1
oscillation transformer,1
submarine telegraph cables,1
some cables,1
connectors wire nuts,1
compatible connectors,1
your cable,1
two staggered bi-pole single-coil pickups,1
intercity rail services,1
most toledo-area cable viewers,1
overhead cable thumb,1
two speedometer cables,1
digital tv providers cable,1
cable satellite,1
interchangeable connectors,1
audio and joystick connectors,1
clip-on handlebars,1
national rail ser,1
rail access,1
alstom aps ground-level power supply,1
two nested coil springs,1
sata interfaces,1
modified british rail class,1
floor-sensor-operated automatic gangway doors,1
ac stock,1
true 75-ohm coaxial cable,1
both an rs-232 port,1
network rail branding,1
two panel connectors,1
speaker cables,1
thick wire wound,1
many smaller insulated wires,1
antenna wires,1
11 rail border crossings,1
commercial and cable outlets,1
cal cable,1
underwater cables,1
intercity passenger rail reform,1
just two cable companies,1
at least one sensor,1
rail and lipstick tube pickups,1
two 36-way edge connectors,1
gold-plated card-edge connectors,1
cbs cable,1
catenary wire,1
one electric fan,1
core losses,1
william cable holdings,1
cable price downer,1
new cables,1
cable repair,1
service electric broadband cable,1
24 articulated light rail vehicles,1
heavy wire,1
cable s telepathic probes,1
matching cables,1
integrated communication cable,1
free-spun communication cables,1
82 rail cars,1
one core booster stage,1
many parallel conducting wires,1
clamp-on sights,1
cable network tv,1
vertical coil springs,1
4-wire telephones,1
multiple international submarine cable networks,1
various fan-made scenarios,1
avalon cablevision cable,1
other cable-stayed bridges,1
moderately fast road and rail links,1
ac traction motors air conditioning,1
single coil,1
coil springs coaxial hydraulic dampers,1
passthrough bnc connectors,1
passthrough n connectors,1
cubical connector knots,1
cheap cables,1
dc-balanced spending equal amounts,1
local rail and trolley lines,1
dedicated commuter rail tracks,1
rail enthusiasts,1
larger us standard light rail vehicles,1
seven light rail lines,1
two rail yards,1
pen y fan,1
drm core,1
sata ii,1
new light rail cars,1
stout handrail cables,1
armored building cable,1
fan-shaped leaflets,1
modern 3-way catalytic converter,1
m6 bilevel rail cars,1
stiff wire,1
rail and amtrak services,1
two rail lines,1
thermal shock,1
3-pin xlr connectors,1
colour light signalling and british rail,1
vga connector,1
dvi connector,1
increased fan diameter,1
new fan blades,1
us cable operators,1
both rail and truck traffic,1
sensor data,1
thermal sights,1
transformer power supplies,1
thermal mass strategies,1
cable hydraulic,1
suburban rail network,1
modular connectors category 6 cable,1
two connectors,1
24 wires,1
just one two-wire cable,1
cable barriers,1
individual coil,1
fan-made decks,1
coil ignitionand,1
coil ignitionand 60w alternatorsports,1
microsoft exchange server connectors,1
cable television networks,1
woodland rail llc,1
dc circuitry,1
rail line,1
two underground 15 kv cables,1
alaskan cables,1
five cable channels,1
40 rail miles,1
protective cable mattresses,1
coil pickups,1
wire coils,1
4 pin firewire cables,1
conventional coil springs,1
cable modem,1
southern connector boulevard,1
existing 8 pin connector,1
fan frynych,1
cable damage,1
two single coil,1
helical coil geometry,1
fan palms,1
heavy rail dcl services,1
insulation displacement connector technology,1
distribution cables,1
idc connectors,1
only a single wire,1
several connector standards,1
single phase ac transformers,1
two elisa cables,1
single cables,1
national rail lines,1
streetcar and light rail services,1
logical connectors,1
airplane wire harnesses,1
forward rail cars,1
rail bridge,1
1854 connected port,1
torque converter mercedes-benz,1
cable operators,1
cable car replicas,1
ac 97 codec,1
sample rate converter,1
connector paths,1
many cable pirates,1
most cable companies,1
its empire corridor passenger rail line,1
central cable-stayed span,1
fan 590 veteran dan dunleavy,1
axial-flow fan,1
link cable play,1
each side and connector type tracks,1
line-commutated converter thyristors,1
basic cable,1
sca-2 connector,1
1970 intercity passenger rail service,1
substantial rail infrastructure,1
kiwi cable,1
pir-based occupancy sensor,1
fan-made patches,1
96 mm wire rope,1
several fan-made pc source ports,1
multiple fan-made pc source ports,1
dcc doppelmayr cable car gmbh,1
its own ignition coil,1
smaller wire,1
spark plug,1
only two pcie x16 slots,1
fan art,1
fan speed curves,1
multiple parallel wires,1
dc-balanced signals,1
rail transport policies,1
rail operations group,1
cable television providers,1
two submarine cables,1
fibre optic cable scada radios,1
rail bhawan,1
three light rail vehicles,1
two short connector trails,1
its first rail service,1
road and rail traffic,1
20 awg wire,1
connector freeway,1
port penn road,1
rugged connectors,1
independent power supply units,1
cable-laying gear sd,1
50-ohm coaxial cable,1
stiff wire brazing rods,1
13w3 connectors,1
even zip wires,1
dc generators,1
micro atx,1
galvanized cable,1
separate core balanced current transformers,1
seven other local cable operators,1
wire link,1
cable carriage,1
fan projects,1
coiled-coil structures,1
small cable operators,1
aerial cable,1
open wire plant,1
other cable channels,1
factory-assembled optical fiber connector plugs,1
bare wires,1
microphone cables,1
stereo rca connectors,1
many individual cables,1
20 connectors,1
which cable,1
cable tv networks,1
young rail enthusiasts,1
adequate road and rail links,1
6-km-long rail link,1
ennore port,1
tesla-style open-core electrical transformers,1
dedicated rail line,1
marlin cable,1
keyed shrouded connectors,1
minijack-to-2rca cable,1
emi shield,1
6p2c modular telephone connectors,1
288 cables,1
uninterruptible power supply,1
broadcast and cable coverage,1
older siemens light rail vehicles,1
neighbourhood cable,1
one numbered light rail line,1
german-made rail bogies,1
other ornate hand connector,1
two cable-car lines,1
cable car classics,1
temperature sensor,1
all displayport cables,1
any displayport cable,1
hbr2 cables,1
its elaborate fan vaulted roof,1
mineral insulated heating cables,1
thermal battery,1
catalytic converter,1
unjustly enriched cable companies,1
cable telephone,1
reduced rail related suicide,1
connector strips,1
iron-core inductors,1
thermal fabric,1
modular propellant charges,1
horizontal coil springs,1
twist-on connectors,1
miniature lug-type connectors,1
alumiconn connectors,1
both cable networks,1
barbed wire obstacles,1
four drive connectors,1
also manufactured cable spikers,1
feature connector,1
connector bandwidths,1
connector category,1
some inductor type ballasts,1
three phase wires,1
joystick speaker serial port real-time clock,1
both rail service,1
rail connected businesses,1
67 to 230 twined cables,1
east coast rail link,1
light rail cars,1
fan chong,1
fan chong s forces,1
conductor cable loops,1
identical half-circle fan widows,1
each power supply pin,1
ac motors,1
edi rail bombardier transportation joint venture,1
cable stretching,1
cable car,1
maximum cable run-out,1
commercial cable,1
cable-tv venture,1
-contact idc connectors,1
multi-contact idc connectors,1
flat cable,1
category 5 twisted pair cable,1
hdmi cable,1
two usb,1
cable-driven speedometers,1
previous connectors,1
coe rail inc,1
dado rail skirting,1
26 wide chord titanium fan blades,1
most cables,1
many fan drawings,1
its rail yard,1
armored core,1
only the outer cable jacket,1
simple connectors,1
ribbon fiber optic cables,1
multi-core round bunch fiber optic cable,1
distribution fiber optic cable,1
its flash port,1
6 light rail lines,1
two-car or four-car commuter rail trains,1
rail runner arrivals,1
longer cables,1
fan-made maps,1
leather rawhide rope cable,1
new york new jersey rail llc,1
regional rail platforms,1
other dart rail lines,1
stately fan palms,1
coil-over damper,1
connector flyover ramps,1
hov connectors,1
several rail and train companies,1
fan foel,1
cable modems,1
coaxial coil springs,1
nbcuniversal cable s usa network,1
six consecutive cable-stayed spans,1
subsoil cable,1
cable dsl fibre optic,1
most rail traffic,1
communication cables,1
one transformer,1
good connectors,1
voice coil,1
half coil jacket,1
chenab rail bridge,1
road and rail links,1
nearby rail and water transportation bwc,1
four wires,1
fan-beam scatterometers,1
cable work,1
four cable wires,1
about 30 cable tv channels,1
thermal runaway,1
special filter circuits,1
rail road,1
fan-vaulting and clustered columns,1
open-coil cream-colored bobbins,1
new rails ties,1
british rail s 1980s construction standards,1
levant a cable s length,1
specialty cables,1
coaxial em cable,1
fan pages,1
negative impedance converter circuits,1
cable microducts,1
bnc male connectors,1
four cable tanks,1
cable-stayed bridge spans,1
56 cables,1
hydrogen-powered rail vehicles,1
two 250-metre cable,1
one 150 metres cable,1
2 fan,1
rail highway pipeline,1
british rail s fares update,1
regular british rail services,1
42 connector,1
three connectors,1
sata disk drives,1
four dvi cables,1
jackson-area cable subscribers,1
its 60-inch cable,1
core parts,1
usb output,1
dual analog vga connectors,1
local cable channel,1
specialized cable,1
two wire conductors,1
50 ohm coaxial cable,1
two dms-59 connectors,1
3 connector,1
fan-shaped fractures,1
reduced cable cost,1
gold plated wire,1
one cable-stayed span,1
split-winding transformer,1
six rail lines,1
operated passenger rail services,1
male connectors while a scsi device,1
diode clamp circuits,1
permanent magnet ac synchronous motors,1
its cooling fan,1
large heatsink,1
atx power supply,1
link cable support,1
overly complex plug doors,1
one modular connector,1
duplex connectors,1
two patch cables,1
fixed cable,1
cable cutter,1
underslung electrical connector boxes,1
some cable carriage,1
french national rail operator,1
cardbuscardbus sata adapter,1
sata ports,1
lightweight hollow core panels,1
rail freight,1
future light rail use,1
fixed track cables,1
two hauling cables,1
use,214
wood,141
part,76
iron,67
place,58
air,55
players,51
windows,48
time,47
passengers,47
access,46
users,46
concrete,39
trains,39
line,37
ice,36
puroks,36
sitios,36
service,35
aluminium,34
bridges,32
road,32
fans,31
materials,30
areas,30
board,28
track,27
vehicles,27
case,26
control,26
earth,26
fire,26
space,25
advantage,25
front,25
parallel,25
series,24
services,24
example,24
cars,24
others,24
light,22
devices,22
size,22
memory,21
stone,21
railways,21
pressure,21
thumb,21
capacitors,21
damage,21
music,20
tracks,20
material,20
lines,20
speeds,20
parts,20
japan,20
fiberglass,19
computers,19
land,19
ground,19
transistors,18
flight,18
europe,18
ease,17
house,17
games,17
weight,17
day,17
phones,17
traffic,17
contact,17
combat,16
august,16
side,16
chip,16
june,16
gameplay,16
signals,16
characters,16
march,16
ramps,16
software,15
coils,15
buses,15
hundreds,15
transformers,15
railroads,14
storage,14
end,14
output,14
bridge,14
brick,14
weapons,13
speed,13
clay,13
standard,13
units,13
sensors,13
view,13
tubes,13
transit,13
india,13
length,13
sets,12
intel,12
roads,12
aircraft,12
february,12
pairs,12
inductors,12
technology,12
april,12
batteries,12
doors,12
stairs,12
chips,11
london,11
electrons,11
switches,11
trees,11
hand,11
students,11
models,11
italy,11
nylon,11
snow,11
controls,11
residents,11
category,11
class,11
walls,11
articles,11
platforms,11
programming,11
night,11
rocks,10
particles,10
terms,10
components,10
torque,10
railway,10
abs,10
views,10
blocks,10
life,10
screen,10
route,10
visitors,10
west,10
way,10
targets,10
germany,10
respect,10
engines,10
january,10
consumers,10
sand,10
oil,10
accessories,10
july,10
tunnels,10
arms,10
toilets,10
syndicate,10
fish,10
maps,10
thrust,9
proteins,9
diodes,9
graphics,9
customers,9
changes,9
buttons,9
displays,9
england,9
standards,9
food,9
programs,9
east,9
sockets,9
details,9
apple,9
content,9
limestone,8
gases,8
australia,8
point,8
mosfets,8
bottom,8
bricks,8
china,8
default,8
interface,8
pedestrians,8
operators,8
boarding,8
dust,8
grade,8
cargo,8
links,8
singapore,8
holes,8
freight,8
steam,8
ports,8
members,8
britain,8
tiles,8
fuel,8
video,8
year,8
servers,8
asia,8
rice,8
granite,8
trams,8
boats,8
stories,8
films,8
slots,7
infantry,7
troops,7
rivers,7
products,7
marble,7
animals,7
article,7
countries,7
soldiers,7
cards,7
depth,7
atoms,7
channels,7
requests,7
voice,7
defense,7
target,7
fact,7
helicopters,7
groups,7
milk,7
manufacture,7
cork,7
russia,7
orbit,7
game,7
elevators,7
terminals,7
scotland,7
levels,7
english,7
contrast,7
california,7
enemies,7
businesses,7
personnel,7
columns,7
homes,7
stacks,7
impact,7
polyethylene,7
images,7
story,7
text,7
horses,7
belgium,7
photographs,7
layers,7
cost,7
points,7
sale,7
pictures,7
lights,7
rooms,7
canada,7
interviews,7
processors,7
guns,7
times,7
north,7
companies,7
machines,7
tables,7
ribs,6
tanks,6
missiles,6
networks,6
rom,6
fighters,6
highways,6
demand,6
buildings,6
controllers,6
patterns,6
lifts,6
albania,6
door,6
radio,6
gates,6
plans,6
cylinders,6
sub,6
nickel,6
response,6
lan,6
fabric,6
launch,6
transport,6
infrastructure,6
commands,6
interchanges,6
items,6
car,6
accidents,6
restaurants,6
videos,6
wheels,6
silk,6
exhibits,6
drivers,6
resources,6
radar,6
pins,6
coverage,6
bamboo,6
symbols,6
gauge,6
wool,6
thousands,6
mines,6
flour,6
pilots,6
armour,6
none,6
linux,6
brakes,6
routes,6
flowers,6
speakers,6
laptops,6
riders,6
places,6
panels,6
total,6
oxygen,6
channel,6
jetways,6
news,6
cab,6
nature,6
seats,6
files,6
objects,6
loss,6
cotton,6
ceiling,6
vessels,5
analog,5
moscow,5
device,5
hands,5
wind,5
chain,5
dozens,5
silicon,5
germanium,5
engine,5
canals,5
photos,5
armor,5
guitars,5
tin,5
moisture,5
accuracy,5
color,5
media,5
release,5
quartz,5
values,5
circuits,5
bombs,5
wax,5
owners,5
commuters,5
pine,5
peripherals,5
ebony,5
height,5
conductors,5
parameters,5
samples,5
signage,5
honor,5
usage,5
office,5
paris,5
injury,5
airplanes,5
salt,5
upgrades,5
stock,5
frequencies,5
phase,5
takeoff,5
disks,5
years,5
trails,5
straw,5
machine,5
pressures,5
scratch,5
frequency,5
president,5
hair,5
plywood,5
mountains,5
spices,5
rear,5
travel,5
fires,5
excess,5
porcelain,5
scientists,5
csx,5
project,5
ones,5
states,5
feature,5
seat,5
bros,5
couplers,5
manufacturers,5
pottery,5
barriers,5
multi,5
sugar,5
art,5
plates,5
towns,5
escalators,5
trucks,5
icons,5
highway,5
chassis,5
bluetooth,5
architraves,5
bone,4
skin,4
tests,4
cranes,4
rockets,4
costs,4
horns,4
cells,4
nintendo,4
slot,4
girders,4
body,4
logic,4
runways,4
head,4
attack,4
bakelite,4
atmosphere,4
books,4
source,4
debris,4
maple,4
force,4
shore,4
ions,4
detail,4
washington,4
molecules,4
ics,4
ios,4
mail,4
messages,4
risk,4
age,4
death,4
bands,4
packages,4
test,4
railroad,4
birds,4
oak,4
bicycles,4
hardware,4
rows,4
movies,4
hood,4
defects,4
liquids,4
terrain,4
wales,4
mount,4
supplies,4
research,4
architecture,4
pcs,4
rescue,4
cathode,4
fibers,4
mode,4
logs,4
classes,4
exit,4
signs,4
aid,4
resistors,4
motorways,4
words,4
liquid,4
figures,4
valves,4
buyers,4
things,4
asbestos,4
airbags,4
gas,4
leds,4
lack,4
flaps,4
sight,4
export,4
submarines,4
file,4
motorists,4
winglets,4
boston,4
stores,4
industry,4
sculptures,4
interstate,4
poles,4
nvidia,4
tube,4
hysteresis,4
fields,4
carriages,4
manhattan,4
chairs,4
rotor,4
btx,4
knowledge,4
comparison,4
offices,4
feathers,4
explosives,4
switzerland,4
date,4
skills,4
railings,4
button,4
magazine,4
sleeves,4
reserve,4
site,4
guests,4
linen,4
developers,4
spain,4
contract,4
passage,4
gardens,4
ibm,4
pulleys,4
teeth,4
mass,4
loudspeakers,4
fibreglass,4
shotguns,4
displayport,4
afghanistan,4
faults,4
attacks,4
rope,4
vertices,4
platform,4
measures,4
mechanics,4
overcrowding,4
bulk,4
rock,4
bordeaux,4
protoceratops,4
ford,4
contacts,4
insects,4
parking,4
radios,4
buffers,4
chicago,4
pipe,4
editor,4
monsters,4
dogs,4
program,4
spans,4
self-defense,3
threats,3
satellites,3
nodes,3
gains,3
colors,3
pin,3
bombers,3
lakes,3
gradients,3
span,3
bearings,3
delays,3
grain,3
bugs,3
interrupts,3
minerals,3
events,3
form,3
mica,3
carbide,3
hardwood,3
printers,3
routers,3
lamps,3
weeks,3
vietnam,3
surfaces,3
letters,3
airports,3
strands,3
lime,3
motherboards,3
canyons,3
dvd,3
profit,3
neutrinos,3
neoprene,3
bars,3
momentum,3
brackets,3
iso,3
boards,3
recoil,3
lives,3
astronauts,3
calls,3
clients,3
wheelchairs,3
frame,3
goods,3
assembly,3
strips,3
transceivers,3
repairs,3
detectors,3
amplifiers,3
tapes,3
analysis,3
buick,3
dash,3
attaches,3
stones,3
factors,3
ruby,3
barrel,3
market,3
network,3
meat,3
bayonets,3
keys,3
property,3
lengths,3
honda,3
norway,3
climbers,3
thyristors,3
semiconductors,3
tokyo,3
whic,3
vram,3
microsoft,3
monitor,3
graphite,3
airport,3
stage,3
locks,3
sidewalks,3
sheep,3
vehicle,3
paddington,3
trash,3
descent,3
clones,3
intervals,3
shops,3
carts,3
pulses,3
hills,3
spaces,3
polyurethane,3
strollers,3
forces,3
mining,3
gaps,3
corn,3
meters,3
markings,3
geforce,3
portland,3
course,3
node,3
straps,3
errors,3
minigames,3
dipoles,3
mexico,3
lincoln,3
helix,3
socket,3
petrol,3
korea,3
journalists,3
cases,3
beads,3
pages,3
steps,3
washrooms,3
cat,3
scale,3
travellers,3
email,3
royce,3
delivery,3
tvs,3
folds,3
motorcycles,3
pork,3
medicine,3
battle,3
scores,3
staff,3
heads,3
room,3
agriculture,3
landmarks,3
engineers,3
walnut,3
law,3
vinyl,3
statues,3
heating,3
beds,3
war,3
scenarios,3
winches,3
obstacles,3
beginners,3
modules,3
nails,3
airbridges,3
fashion,3
degrees,3
sweden,3
code,3
circuit,3
sweat,3
tools,3
toronto,3
conglomerates,3
forms,3
armies,3
viewers,3
backup,3
rectifiers,3
statistics,3
gifts,3
digit,3
payloads,3
matches,3
afterburners,3
passages,3
mini,3
fanless,3
lanes,3
chevrolet,3
lighting,3
wings,3
timers,3
railtrack,3
streets,3
cameos,3
feedback,3
vegetables,3
cones,3
indonesia,3
cartridges,3
exchange,3
battery,3
corners,3
gen,3
magic,3
clock,3
crews,3
tunnel,3
locomotives,3
stadium,3
magnesium,3
alternatives,3
vendors,3
coal,3
fireworks,3
map,3
kernels,3
minneapolis,3
scenes,3
aspects,3
emd,3
paperboard,3
valleys,3
school,3
newport,3
emergencies,3
context,3
stages,3
switch,3
loops,3
rifles,3
curves,3
planets,3
waves,3
batman,3
tires,3
diesel,3
planes,3
sony,3
toyota,3
hdpe,3
solids,3
coolant,3
departures,3
cobalt,3
electronics,3
indicators,3
chains,3
andesite,3
holders,3
civilians,3
structures,3
stucco,3
bridgeport,3
stresses,3
esa,3
cleveland,3
protocols,3
compressors,3
theft,3
artists,3
subsidiaries,3
readers,3
testing,3
downtown,3
screens,3
authors,3
storms,3
divers,3
egypt,3
westinghouse,3
citizens,3
philadelphia,3
mp3,3
wav,3
houses,3
sheets,3
paths,3
choice,3
mudc,3
lustre,3
workloads,3
sports,3
york,3
copies,3
fanlights,3
sidelights,3
elektron,3
housing,3
weekends,3
winds,3
sna,3
lzb,3
gobos,3
cartilage,2
rays,2
shelters,2
tasks,2
mine,2
minefields,2
edge,2
woods,2
monks,2
reliefs,2
piers,2
home,2
istanbul,2
windings,2
carbohydrates,2
representative,2
process,2
jedec,2
thorium,2
buckets,2
width,2
ipv6,2
vaults,2
world,2
init,2
merchants,2
money,2
photons,2
telephony,2
pockets,2
argentina,2
drives,2
cliffs,2
crystals,2
alnico,2
territory,2
handles,2
field,2
gdb,2
print,2
pistols,2
sides,2
ibanez,2
pickups,2
frets,2
blues,2
layout,2
terminal,2
throughput,2
itanium,2
schedule,2
miles,2
trade,2
torpedoes,2
traces,2
talents,2
self-destruct,2
months,2
apollo,2
group,2
list,2
chat,2
mysql,2
accounting,2
minicomputers,2
desktop,2
itunes,2
saf,2
ferries,2
incidents,2
congress,2
gui,2
palladium,2
coral,2
odyssey,2
emergency,2
industries,2
boosters,2
deer,2
portugal,2
inputs,2
outputs,2
purposes,2
pier,2
containers,2
cord,2
multimedia,2
multiply,2
antennas,2
towers,2
telephones,2
streetcar,2
bristol,2
decline,2
firewire,2
harmonics,2
africa,2
mmx,2
geneva,2
racks,2
horse,2
scrap,2
actuators,2
foregrip,2
inline,2
plutonium,2
pivot,2
techniques,2
mosfet,2
ivory,2
emphasis,2
speech,2
signal,2
tubing,2
fibre,2
closures,2
privacy,2
posts,2
gamespy,2
ejb,2
keratin,2
freeways,2
mile,2
thrusters,2
sites,2
measure,2
cirrus,2
utah,2
wheel,2
teleporters,2
carriers,2
ices,2
bit,2
sapphire,2
cinema,2
meals,2
rel,2
trap,2
trolleybuses,2
mac,2
boot,2
alarms,2
patients,2
shingle,2
scope,2
mystery,2
acrs,2
injuries,2
gyroscopes,2
arm,2
hdmi,2
dongles,2
proposals,2
complaints,2
commissioners,2
rain,2
tune,2
framebuffers,2
haifa,2
voip,2
udp,2
esd,2
tab,2
thalys,2
brussels,2
astoria,2
vocals,2
bomblets,2
detonate,2
venus,2
altitude,2
poss,2
stocks,2
trenches,2
www,2
keyboard,2
contributors,2
casein,2
oklahoma,2
muscles,2
screws,2
exercise,2
crafts,2
birmingham,2
travelers,2
castles,2
shells,2
projects,2
gate,2
beach,2
peoples,2
grades,2
restrooms,2
pennsylvania,2
fabrics,2
dirt,2
brush,2
walkways,2
hypertransport,2
patches,2
hinges,2
casualties,2
bouquet,2
adapters,2
cameras,2
socks,2
springfield,2
varieties,2
characteristics,2
rolls,2
non,2
shock,2
outlets,2
overpasses,2
pcw,2
word,2
meadows,2
fantail,2
malaysia,2
soil,2
tbms,2
filters,2
spikes,2
cabinet,2
grooves,2
washing,2
ribbons,2
sequins,2
technologies,2
unix,2
clips,2
protons,2
topology,2
artifacts,2
ash,2
kazakhstan,2
spacecraft,2
gastropods,2
diving,2
act,2
subscribers,2
gouda,2
bitumen,2
levers,2
string,2
ic4,2
archives,2
bays,2
balsa,2
clothing,2
peer,2
iii,2
countermeasures,2
statio,2
turrets,2
deliveries,2
chicken,2
beef,2
fets,2
missile,2
beams,2
transmis,2
today,2
fanfare,2
plasma,2
ailerons,2
transistor,2
reservoirs,2
neighborhoods,2
edges,2
spades,2
dell,2
electrodes,2
kilometres,2
belfast,2
removal,2
millimeters,2
helsinki,2
degree,2
masses,2
economies,2
forklifts,2
trailers,2
gasoline,2
horseback,2
burns,2
drogue,2
swords,2
viruses,2
hum,2
magnets,2
pedals,2
furnaces,2
tracery,2
dusts,2
auditoria,2
situ,2
programmers,2
stitches,2
bags,2
bell,2
prizes,2
stars,2
wisconsin,2
dyneema,2
caf,2
survivors,2
rent,2
period,2
spa,2
standa,2
customs,2
athlon,2
magnitude,2
fishing,2
cyclists,2
floor,2
species,2
asphalt,2
metro,2
beaches,2
parades,2
variables,2
suit,2
vice,2
parkland,2
memorabilia,2
neon,2
purchase,2
subsystems,2
contests,2
supply,2
brt,2
ichthyostega,2
uniforms,2
weights,2
bass,2
pvhos,2
manga,2
themes,2
hdr,2
perth,2
staples,2
workers,2
balconies,2
mark,2
plenty,2
feeders,2
experts,2
chimneys,2
kingposts,2
days,2
harmony,2
ictsi,2
ottawa,2
paradise,2
railcars,2
coins,2
dampers,2
impacts,2
beam,2
haul,2
labels,2
symptoms,2
decades,2
columbia,2
roots,2
gauges,2
cpus,2
novices,2
bus,2
palm,2
optics,2
railsounds,2
bogies,2
fractures,2
studies,2
entry,2
phone,2
pandan,2
ingredients,2
mango,2
baleen,2
slide,2
seconds,2
approval,2
rods,2
potentiometers,2
expressways,2
rockwool,2
calcium,2
liverpool,2
volcanoes,2
victoria,2
catenary,2
jaguar,2
handcuffs,2
crusaders,2
paint,2
millions,2
cords,2
rubble,2
legs,2
headlights,2
repair,2
cologne,2
outboard,2
rings,2
armrests,2
basins,2
block,2
tramways,2
settings,2
topics,2
earthquakes,2
pots,2
masonry,2
dublin,2
floods,2
leopard,2
ibd,2
ion,2
tail,2
receivers,2
clearing,2
cas,2
digital,2
mg2si,2
pistons,2
menus,2
eyes,2
mitsubishi,2
2ic,2
programmes,2
conflicts,2
enterprise,2
mudstone,2
newark,2
spheres,2
tank,2
hatches,2
iraq,2
bundles,2
bundle,2
language,2
trackage,2
turbine,2
turbines,2
terminate,2
cairo,2
flint,2
caltrans,2
markets,2
springs,2
forestry,2
feet,2
toorak,2
stair,2
teams,2
lightning,2
guard,2
enamel,2
tours,2
orders,2
apocalypse,2
optional,2
mergers,2
sho,2
flux,2
fruits,2
flavors,2
bahn,2
race,2
quarries,2
yabusame,2
weaponry,2
grid,2
heights,2
smartphones,2
thanks,2
heatsinks,2
norfolk,2
vvt,2
ways,2
technicians,2
camshafts,2
converters,2
genealogy,2
cloth,2
health,2
screenshots,2
replac,2
lucas,2
logo,2
ohio,2
mattresses,2
horsehair,2
teg,2
crankshaft,2
zenith,2
rosewood,2
trainsets,2
fluids,2
principles,2
molybdenum,2
circuitry,2
range,2
strikes,2
stress,2
mario,2
tips,2
wireless,2
weeds,2
pace,2
stats,2
fitte,2
bbs,2
mips,2
redundancy,2
myth,2
angle,2
examples,2
moonroofs,2
mud,2
cattle,2
seattle,2
microraptor,2
sprinklers,2
pae,2
bones,2
contents,2
reasons,2
volume,2
granville,2
capacitor,2
planters,2
grip,2
commentary,2
opinions,2
foliage,2
prime,2
cheese,2
fruit,2
seeds,2
medal,2
artillery,2
base,2
heaters,2
ratings,2
floats,2
parklands,2
caravans,2
quartzite,2
micrometeoroids,2
garden,2
crafters,2
volvo,2
chapels,2
bagasse,2
baby,2
puzzles,2
murals,2
midland,2
lithography,2
-ground,2
lane,2
bmw,2
missouri,2
shrubs,2
mosaics,2
counters,2
variable,2
joysticks,2
beijing,2
firearms,2
luggage,2
drainage,2
suvs,2
value,2
icoca,2
lots,2
losses,2
brazil,2
wetlands,2
trans,2
manitoba,2
winnipeg,2
dramas,2
engineering,2
crank,2
griffin,2
indoors,2
qemu,2
vines,2
adenomyosis,2
cbs,2
level,2
individuals,2
diagnostics,2
selfridge,2
flexure,2
mast,2
tandem,2
avionics,2
pearl,2
willits,2
studio,2
arcades,2
petals,2
atc,2
sonar,2
magazines,2
tails,2
odor,2
glen,2
roll,2
openings,2
analogue,2
bodies,2
fall,2
diameters,2
parks,2
projectiles,2
bnsf,2
mosasaurus,2
melbourne,2
weekdays,2
jixi,2
pickup,2
uhmwpe,2
bike,2
transponders,2
pitch,2
singles,2
zigzag,2
skins,2
aliens,2
wealth,2
capsize,2
trail,2
pbs,2
brescia,2
jewels,2
coaches,2
odbc,2
mdac,2
tram,2
knives,2
telemovies,2
ropes,2
traffi,2
pendulums,2
egress,2
-edge,2
absorbers,2
motors,2
expert,2
foot,2
reruns,2
svt1,2
svt2,2
shingles,2
lpg,2
thefreedictionary,2
animal,2
vestibules,2
dolls,2
cryptography,2
indusi,2
bluestone,2
cornices,2
bells,2
parkersburg,2
conrail,2
increase,2
fireplaces,2
etcs,2
phosphorus,2
mate,2
ages,2
norton,2
desks,2
lens,2
comics,2
wagons,2
iridium,2
alpena,2
platform4,2
bosses,2
igbts,2
fumes,2
photography,2
longisquama,2
fanlight,2
redmond,2
schemata,2
skeletons,1
webbings,1
spiracles,1
sturgeons,1
intercepts,1
bonjour,1
squad,1
booms,1
militaries,1
accidenta,1
roms,1
plan,1
pillars,1
devotees,1
atapi5,1
udma4,1
robotron,1
diatoms,1
dinoflagellates,1
codes,1
whichin,1
anchorages,1
culture,1
cct,1
leav,1
dining,1
logboats,1
inland,1
bark,1
earthquake,1
malt,1
cannon,1
algae,1
aylesbury,1
nvh,1
fallout,1
posters,1
dir,1
contracts,1
nucleotides,1
codons,1
semiconductor,1
inp,1
semicon,1
envelope,1
mdf,1
ledges,1
honeycomb,1
rdos,1
prints,1
purchases,1
funds,1
cryptanalysts,1
militias,1
fano,1
crests,1
troughs,1
vita,1
millimetre,1
twtas,1
herbivores,1
labasa,1
savusavu,1
inverters,1
spicules,1
rules,1
fundraisers,1
iceland,1
turkey,1
gulfs,1
breakpoints,1
calibers,1
quill,1
strings,1
humvees,1
payload,1
mattracks,1
hermes,1
ballyhornan,1
matlab,1
aesthetics,1
talks,1
fingerboard,1
wizard,1
differen,1
jazz,1
neck,1
ipv4,1
compilers,1
rdram,1
speedometers,1
-draft,1
propane,1
movable,1
pinion,1
railjet,1
lenses,1
smeaton,1
exposure,1
alexandros,1
inactivate,1
assemblies,1
eskilstuna,1
stockholm,1
tinyfugue,1
buttstock,1
triangular,1
buttstocks,1
micro,1
musicam,1
single-channel,1
chile,1
+12,1
analyses,1
psk,1
qam,1
reminders,1
translucency,1
yosemite,1
handoff,1
iphones,1
spyware,1
neodymium,1
waterworld,1
faceball,1
simulators,1
oligopolies,1
amp,1
symmetry,1
tangents,1
multiphase,1
paddles,1
shear,1
terminology,1
fonts,1
dictionary,1
ascii,1
plotters,1
plagiarists,1
flag,1
promoters,1
dual-joy,1
lockheed,1
postage,1
certainty,1
qubits,1
septets,1
fitzgerald,1
revenue,1
teletypewriters,1
multiples,1
prefixes,1
zytel,1
assault,1
habitats,1
calfskin,1
potatoes,1
bedouin,1
blacks,1
coloreds,1
indians,1
madr,1
cerium,1
shoshone,1
adlib,1
eva,1
nvme,1
parodies,1
stuff,1
ladybi,1
interflow,1
amg6t,1
glide,1
skis,1
twisting,1
telemedicine,1
share,1
chipshol,1
magnus,1
gyms,1
stator,1
scart,1
infrastruc,1
chonburi,1
tfl,1
income,1
cabs,1
trespassing,1
tales,1
proof,1
thermocouple,1
juncti,1
drift,1
thermometers,1
cedar,1
fir,1
seaplanes,1
erratics,1
uranium,1
cnn,1
ethanol,1
cosmonauts,1
gut,1
vila,1
suva,1
portsmouth,1
vowels,1
prosody,1
cantonese,1
vpm,1
ptfe,1
barrage,1
palestinians,1
secureon,1
integers,1
zx81,1
microprocessors,1
memories,1
intl,1
belozersk,1
murom,1
centers,1
tellewilare,1
thalwil,1
porsche,1
detonators,1
nomex,1
dacron,1
rips,1
snags,1
gatorade,1
skates,1
plant,1
microcontrollers,1
compatibles,1
pcjr,1
pla,1
azerbaijan,1
galaxies,1
moon,1
drain,1
bits,1
wallboard,1
variety,1
connectio,1
polyelectrolytes,1
dubbing,1
vhs,1
recorders,1
frequenc,1
resonators,1
smartjacks,1
pedestals,1
nmr,1
administrators,1
disconnects,1
uniform,1
oldsmobile,1
encore,1
cows,1
radii,1
arcs,1
x10,1
bungie,1
hibernate,1
amsterdam,1
fren,1
xa891,1
xa908,1
yield,1
vulcan,1
glaciers,1
iodine,1
sulfur,1
signifi,1
uhf,1
github,1
ammonia,1
methane,1
grains,1
feathery,1
pumps,1
zealand,1
cop,1
wario,1
motor,1
beyon,1
xbox,1
usin,1
pfhorte,1
bulb,1
federico,1
fac,1
uzbekistan,1
eurostar,1
ballastless,1
oslo,1
dots,1
burntisland,1
hatchways,1
catamarans,1
algeria,1
tar,1
manufac,1
soda,1
baggage,1
pits,1
rollers,1
sericin,1
leg,1
emitters,1
accumulator,1
standoff,1
bananas,1
honduras,1
grasses,1
hiding,1
fractals,1
title,1
hyperglycemia,1
hypoglycemia,1
cdma,1
corinda,1
isa,1
airtunes,1
capsule,1
cannons,1
ultracaps,1
othery,1
mudflats,1
sipros,1
harm,1
quanta,1
convent,1
rscas,1
knee,1
loop,1
thumbee,1
che,1
vfpv3,1
armv8,1
ward,1
orkuveita,1
tankers,1
bloat,1
unsatisfactory,1
anions,1
cascade,1
iran,1
mice,1
affricates,1
phonemes,1
slab,1
wans,1
vents,1
fingers,1
absent,1
artefacts,1
polysilicon,1
headset,1
mapcache,1
shutdown,1
workpiece,1
sse3,1
correspon,1
feed,1
bitsavers,1
crossovers,1
pianos,1
cymbals,1
clus,1
cros,1
influe,1
pacemakers,1
attackers,1
plants,1
magnet,1
olympics,1
arrows,1
enfield,1
dtss,1
pinstripes,1
acrylonitrile,1
physicians,1
adenosine,1
blockages,1
abn,1
composites,1
webbers,1
whistles,1
cuts,1
sticks,1
cordwood,1
shrapnel,1
marylebone,1
g3s,1
heatherwicks,1
cartridge,1
flesh,1
potential,1
kentucky,1
neut,1
anode,1
junk,1
greenstone,1
stagecoaches,1
buckinghamshire,1
defibrillators,1
shipwrecks,1
throttle,1
spinners,1
tablet,1
yugoslavia,1
sleepers,1
crosswise,1
villages,1
jughandles,1
lighthouses,1
nozzle,1
farringdon,1
mossman,1
daint,1
jetskis,1
moths,1
chattanooga,1
bangkok,1
rayon,1
overloads,1
dawn,1
townhouses,1
weddings,1
mainstays,1
abo,1
williamsport,1
dewey,1
inertia,1
harwich,1
postholes,1
arrival,1
estates,1
fluorophores,1
reese,1
natron,1
bedrails,1
bed,1
grapes,1
farmers,1
norwood,1
tinicum,1
smooth,1
flags,1
willows,1
richmond,1
offenders,1
flintlock,1
fowlers,1
camps,1
walrath,1
setup,1
finland,1
ecc,1
inaccuracies,1
smp,1
rapidio,1
supercomputers,1
ethernet,1
sorghum,1
bread,1
polyme,1
warnings,1
seminars,1
hms,1
antisepsis,1
stun,1
oval,1
flax,1
watertight,1
preconnects,1
oem,1
tsmc,1
sandal,1
armory,1
paratroopers,1
jetbridges,1
headroom,1
cfmi,1
lacquers,1
c1160,1
newbury,1
eicas,1
roles,1
tailstrikes,1
record,1
ldi,1
toll,1
boothe,1
copy,1
heels,1
vandals,1
sutton,1
mill,1
subslots,1
luchs,1
discoveries,1
sqpb,1
tal,1
wisemen,1
deposits,1
tire,1
brake,1
potholes,1
profits,1
airstairs,1
iowa,1
manoeuvres,1
elastomers,1
prescott,1
simulates,1
pentium,1
streamlines,1
yoshinogari,1
lebanon,1
slat,1
talc,1
loos,1
constantinople,1
dram,1
copolymers,1
coatings,1
flights,1
bristles,1
textiles,1
pants,1
shirt,1
embroidery,1
squids,1
wavefronts,1
chieftain,1
hoists,1
chouka,1
moc,1
refineries,1
tactics,1
marines,1
hotplug,1
powe,1
exterior,1
xlr,1
outlook,1
entourage,1
perso,1
sunrise,1
incl,1
beirut,1
sinks,1
budget,1
notebooks,1
pixel,1
functiona,1
edram,1
subchannels,1
taxes,1
pyramids,1
cardstock,1
ganglia,1
vickers,1
rudel,1
spice,1
ge90,1
domain,1
grease,1
walkers,1
obis,1
vlissingen,1
beijnes,1
haarlem,1
banjos,1
diamonds,1
pseudoephedrine,1
hamm,1
sseldorf,1
hbf,1
hagen,1
thuringia,1
mobile,1
wavelength,1
tip,1
mci,1
brands,1
marketers,1
barricades,1
pkware,1
b100,1
biomass,1
sewage,1
tooling,1
whitney,1
akagi,1
koa,1
shapers,1
websites,1
wirraways,1
qft,1
tempests,1
zigbee,1
boxes,1
wom,1
cranksets,1
alpine,1
pumpjacks,1
credentials,1
nxt,1
tomcat,1
gotland,1
prefectures,1
invas,1
isaw,1
tuesday,1
friday,1
switc,1
dozers,1
helpline,1
aa67,1
muan,1
chrome,1
pocket,1
firefox,1
secrecy,1
allo,1
harbors,1
freemasonry,1
triplets,1
wellington,1
mercury,1
delta,1
quadrature,1
openocd,1
scramjets,1
paylo,1
rounds,1
spoilers,1
bulls,1
trinit,1
toluca,1
virginia,1
harpers,1
metalwo,1
buck,1
replies,1
magicians,1
collectors,1
jokers,1
windmills,1
valais,1
ecus,1
40kbit,1
lnb,1
plasmons,1
russian,1
hatchbacks,1
fucan,1
illinois,1
ramjets,1
pools,1
blades,1
disconnectors,1
seal,1
pluto,1
pantograph,1
forests,1
multipoint,1
exchan,1
navigators,1
chipsets,1
efficienc,1
scan,1
cisc,1
animators,1
ergonomics,1
laptop,1
badlands,1
assailants,1
humbuckers,1
telecasters,1
crown,1
mahogany,1
tunings,1
samsung,1
livestock,1
metre,1
wolves,1
maneuvers,1
judges,1
stairwells,1
bikes,1
sunlight,1
miners,1
campers,1
echo,1
maine,1
sash,1
odors,1
acce,1
findings,1
constr,1
quarks,1
gluons,1
aquifers,1
circle,1
arwings,1
thailand,1
edison,1
effort,1
-cliques,1
graphs,1
results,1
warsaw,1
zf69,1
sfo,1
shellac,1
counterfeiters,1
spoornet,1
greases,1
survival,1
macs,1
panorama,1
radi,1
slope,1
biomaterials,1
tissue,1
selectmen,1
arpin,1
barley,1
zsnes,1
hook,1
shell,1
sabot,1
biofuels,1
phl,1
animosit,1
heritage,1
phase5,1
ambient,1
concourse,1
infiniti,1
terraces,1
venezuela,1
aerobridges,1
ferromagnets,1
cutouts,1
concerts,1
musicals,1
elm,1
twa,1
meeting,1
mhz,1
tdp,1
z170,1
importers,1
bamfield,1
beale,1
particulates,1
rats,1
softwoods,1
adhes,1
webs,1
veneers,1
adhesives,1
spanish,1
fro,1
shuttles,1
wifi,1
laypersons,1
kanthal,1
stre,1
sharr,1
opensuse,1
oats,1
indu,1
landscapes,1
seychelles,1
goal,1
gibbons,1
regulators,1
cordura,1
buildup,1
gaiters,1
ankles,1
bcds,1
waist,1
dundas,1
hoboken,1
green,1
senators,1
majors,1
throu,1
testimonials,1
sprites,1
halo,1
stimuli,1
sips,1
checksums,1
hennix,1
locust,1
feltenstein,1
burgers,1
plumbers,1
facades,1
docsis,1
taxis,1
garnishes,1
chili,1
onions,1
jalape,1
waterfalls,1
ironstones,1
quartzites,1
power2,1
ppp,1
terrace,1
napoleon,1
caryatids,1
leaflets,1
pdf,1
lans,1
southeast,1
zee,1
caffe,1
famicom,1
iic,1
odesa,1
tapestries,1
subways,1
calibre,1
opponents,1
wreckage,1
bases,1
retarders,1
shareware,1
beryllium,1
region,1
freespace,1
collars,1
flanges,1
accolades,1
addicts,1
hymns,1
confucius,1
virc,1
birc,1
banks,1
goole,1
sectors,1
fat32,1
chamois,1
woodworkers,1
hobbyists,1
professionals,1
kickback,1
outcrops,1
virtue,1
surrou,1
dealings,1
islands,1
vectra,1
fuze,1
saltgrass,1
dup,1
j52,1
depots,1
ovens,1
stephenson,1
berths,1
lease,1
psm,1
mindwrite,1
connectin,1
laval,1
autoroute,1
ori,1
zhuhai,1
dte,1
mau,1
tears,1
fares,1
surveyors,1
trenton,1
fujian,1
shoreline,1
autumn,1
museum,1
archery,1
masse,1
coupons,1
ikaruga,1
signature,1
selector,1
anesthetists,1
courses,1
keihan,1
mezzanines,1
workforce,1
hen,1
motherboard,1
sandstone,1
plots,1
fulton,1
reactos,1
pelaw,1
sunderland,1
polyphenols,1
intranetware,1
idioms,1
romanian,1
hospitals,1
zilog,1
gmrs,1
murs,1
surgery,1
rusyn,1
vocabulary,1
diese,1
julia,1
stockings,1
chants,1
yama,1
queenborough,1
cracks,1
commerce,1
orange,1
ddc,1
precast,1
corpses,1
approx,1
pasmo,1
pounds,1
pathfinders,1
violet,1
oman,1
gocomics,1
spirit,1
rourkela,1
catalyst,1
apus,1
openttd,1
bolts,1
agent,1
replicas,1
shodan,1
neuromods,1
corruga,1
cafes,1
occupants,1
autoexposure,1
138kv,1
tarlatan,1
seashells,1
inkscape,1
inch,1
researchers,1
webpages,1
karuizawa,1
subsets,1
pdas,1
nema,1
especia,1
bivalves,1
reporters,1
buzzwords,1
ext2,1
presidents,1
eucarida,1
precedents,1
enthusiasts,1
ceo,1
tmcc,1
adelaide,1
seltrac,1
radars,1
partners,1
litres,1
tyres,1
indium,1
a340,1
rbl,1
changeabl,1
neutrals,1
origin,1
study,1
oromo,1
chantemerle,1
villeneuve,1
alpes,1
applets,1
marth,1
wednesbury,1
hips,1
m106,1
m113s,1
garlic,1
jaggery,1
belacan,1
belac,1
tapioca,1
bangka,1
charcoal,1
turmeric,1
jackfruit,1
margarine,1
driftwood,1
cmc,1
vips,1
mortar,1
sungai,1
roxborough,1
htpc,1
harpoon,1
dolomites,1
twaron,1
chesterton,1
roundtrip,1
adventures,1
chemotherapy,1
antibiotics,1
rafa,1
litters,1
cacolets,1
alternators,1
tompkinsville,1
homeowners,1
con,1
whyy,1
imagery,1
castings,1
kostroma,1
vologda,1
respironics,1
epr,1
monofilar,1
conductor,1
packers,1
king,1
underpasses,1
jets,1
handguards,1
andreas,1
turf,1
pavings,1
sanday,1
arts,1
fakes,1
yusof,1
subspace,1
vermiculite,1
spectrophotometers,1
illuminants,1
meganet,1
expenses,1
orcs,1
bookshelves,1
gaslights,1
facade,1
couches,1
breed,1
soviet,1
centurions,1
appendages,1
flares,1
newspapers,1
porthmadog,1
probl,1
delaware,1
ulladulla,1
dignams,1
broadway,1
didaktik,1
idtv,1
mcot,1
critics,1
qua,1
dwellings,1
minecraft,1
single-phase,1
cromwells,1
lithium,1
kottar,1
nagercoil,1
chevrons,1
jane,1
vsimms,1
calendars,1
imap,1
workgroups,1
replays,1
beer,1
tankards,1
pyrex,1
coats,1
profibus,1
exhaust,1
barcelona,1
wheelsets,1
ministry,1
arrests,1
fines,1
annemasse,1
vives,1
trip,1
breakage,1
model,1
seawards,1
a318,1
liernes,1
billing,1
smbus,1
nlx,1
truespace,1
foams,1
hammers,1
sunroofs,1
stewards,1
mid,1
netware,1
aircr,1
stadsfries,1
transducers,1
flemish,1
weert,1
communicatio,1
traunstein,1
parallels,1
figure,1
mixtures,1
buicks,1
cadillacs,1
blu,1
loan,1
numismatics,1
zoology,1
catapults,1
cassettes,1
spats,1
sylheti,1
assamese,1
lamilloy,1
bore,1
rogers,1
combustor,1
actors,1
chelsea,1
delrin,1
velcro,1
shortcomings,1
lnrs,1
docks,1
ditches,1
blitz,1
billboards,1
citipati,1
oviraptor,1
calculators,1
cruisers,1
cycle,1
dur,1
cardiff,1
dual-carriageway,1
ieds,1
sprocket,1
deisenroth,1
electron,1
europhoenix,1
serbia,1
slovenia,1
straphangers,1
church,1
bras,1
turin,1
sinofare,1
micromosaic,1
polycel,1
inc,1
cottages,1
intellisample,1
transparency,1
blacksmiths,1
stukas,1
bordkanone,1
thefts,1
athlone,1
pahoehoe,1
sample,1
coningsby,1
lies,1
urinates,1
businesspeople,1
origins,1
tpws,1
aws,1
coillte,1
ballina,1
edits,1
rea,1
roadway,1
analyse,1
wipers,1
cereal,1
kit,1
m107a1,1
generator,1
m4s,1
manoeuvre,1
nvarajohtaja,1
smolts,1
bottle,1
kitchen,1
drama,1
heimaey,1
upsets,1
paddle,1
councillors,1
icebreakers,1
reprocessi,1
puppets,1
tuners,1
jap,1
handsha,1
regio,1
prince,1
metalbeam,1
def,1
rockville,1
techno,1
zodiac,1
icecube,1
names,1
endure,1
tapealert,1
lifes,1
pasadena,1
ocarina,1
ellipsoids,1
warrington,1
widnes,1
villagers,1
ghost,1
bromley,1
arches,1
plural,1
yie,1
homage,1
railfans,1
minnesota,1
maintainers,1
yorkshire,1
chairman,1
lawns,1
luxury,1
servants,1
hyperplanes,1
fpga,1
quotas,1
0x05,1
sanctum,1
willingdon,1
boars,1
rt60,1
evpu,1
command,1
rct30,1
dsrvs,1
algoma,1
amphibians,1
environme,1
stripes,1
ignitors,1
clutches,1
janua,1
slings,1
capabl,1
cds,1
asti,1
oviraptorids,1
mafersa,1
gear,1
bisphenol,1
scandium,1
suggestive,1
rout,1
ligatures,1
slugs,1
barrels,1
ng-tube,1
hoa,1
ipconfig,1
estimat,1
webkit,1
tile,1
hopes,1
rotaries,1
erstfeld,1
vertex,1
lieu,1
emails,1
ttdpatch,1
sandbags,1
restart,1
disc,1
albury,1
collingwood,1
heidelberg,1
pakistan,1
renault,1
noctis,1
altos,1
tmccii,1
tbilisi,1
dashboards,1
fantomex,1
proposal,1
hooves,1
underbridges,1
triglyphs,1
cache,1
street,1
streetlife,1
skah,1
madelyne,1
concentrators,1
multiplexers,1
myer,1
stick,1
growth,1
fiasa,1
fiat,1
chokeberries,1
bitmaps,1
download,1
designe,1
bankruptcy,1
splits,1
certificates,1
newcomers,1
gamespot,1
gypsum,1
alluvium,1
interceptors,1
eurytania,1
titian,1
keyboards,1
eff,1
pattern,1
beatmakers,1
cream,1
sandstones,1
responses,1
quests,1
technora,1
publishers,1
future,1
moyo,1
reels,1
szczecin,1
ster,1
melanin,1
salaries,1
railbus,1
realign,1
devonian,1
microphone,1
ringwood,1
dec,1
bunks,1
gennosuke,1
ally,1
mongolia,1
hov,1
tpfc,1
self,1
doc,1
casters,1
lyautey,1
greim,1
buell,1
edgar,1
locke,1
poll,1
waterproof,1
contaminant,1
commandos,1
digeneans,1
marconi,1
heatpipe,1
month,1
deathmatches,1
farmland,1
zelda,1
congeners,1
securilock,1
dna,1
loci,1
single-player,1
aow2,1
literature,1
society,1
djibouti,1
courbet,1
jammers,1
sonars,1
furniture,1
songs,1
hpcc,1
interview,1
dunsmuir,1
esquimalt,1
railamerica,1
avalanches,1
andalusia,1
magnolia,1
sputnik,1
cng,1
bombardiers,1
acros,1
lup,1
halls,1
aesa,1
plakentias,1
clashes,1
teamwork,1
squads,1
ag36,1
vir,1
iseries,1
address,1
error,1
wavelengths,1
vanilla,1
cherries,1
thagard,1
evas,1
firmware,1
ljusi,1
behaviors,1
axes,1
police,1
metalwork,1
gazprom,1
winners,1
angels,1
folkestone,1
pole,1
haywards,1
bipole,1
bipol,1
sheet,1
economy,1
balisongs,1
bats,1
humor,1
hugo,1
penelope,1
horrors,1
recordings,1
titles,1
cancell,1
lanterns,1
fore,1
pushrods,1
pylons,1
nest,1
kent,1
nes,1
variants,1
finish,1
team,1
otheros,1
distributor,1
subwoofers,1
duvall,1
mineral,1
knees,1
boxwood,1
guitar,1
gorge,1
stretches,1
pahlavi,1
norcross,1
gould,1
twine,1
badgers,1
ureaplasma,1
arabika,1
lpds,1
relocat,1
fillet,1
v6s,1
fishermans,1
festivals,1
artworks,1
calypso,1
crosses,1
albedo,1
naldurg,1
kodar,1
phonons,1
agl,1
ackworth,1
badsworth,1
plexiglas,1
crimes,1
margin,1
das,1
search,1
glenelg,1
terr,1
sandalwood,1
patrol,1
crops,1
inwards,1
atrium,1
supermarket,1
luigi,1
polls,1
winch,1
propaganda,1
seria,1
completel,1
caps,1
ting,1
lrvs,1
adventure,1
starman,1
heroes,1
astrophotography,1
duplexers,1
671st,1
bookmarks,1
competitor,1
taste,1
belly,1
sedge,1
blankets,1
fern,1
couples,1
footboard,1
playgrounds,1
casings,1
dreamwatch,1
archive,1
toilet,1
irs,1
securi,1
bowls,1
expertise,1
corvallis,1
monitors,1
southwards,1
tuk,1
seward,1
touch,1
mounts,1
expenditure,1
newall,1
accessorie,1
knitwear,1
taillights,1
rca,1
mainland,1
leyland,1
ichon,1
seongsu,1
zones,1
malware,1
hcjc,1
trimmers,1
dohc,1
garnet,1
hydrocarbons,1
cgw,1
ept,1
midi,1
mudbricks,1
mor,1
lionel,1
paulo,1
tantalum,1
nife,1
natura,1
msps,1
shade,1
rj11,1
muds,1
jugglervoss,1
eal4,1
telegraphy,1
46nm,1
fanzines,1
pbxs,1
pbx,1
railworks,1
quotes,1
atlantic,1
isro,1
gslv,1
spt,1
spot,1
tacoma,1
grating,1
newbrains,1
ring,1
cryptovolans,1
archaeopteryx,1
autapomorphies,1
ter,1
miniatures,1
slackware,1
puppy,1
nissan,1
rowsley,1
ropy,1
icemakers,1
directors,1
toad,1
benches,1
postboxes,1
thumbnail,1
t610,1
turnbacks,1
viaduct,1
turnstiles,1
bismuth,1
achiev,1
phosphor,1
weapon,1
jason,1
ramb,1
pirie,1
terowie,1
echuca,1
sights,1
zonks,1
langon,1
footpaths,1
modernisme,1
galleries,1
elite,1
bagaceratops,1
burrows,1
casemates,1
chambers,1
picture,1
kakabeka,1
dimmers,1
cougar,1
fertilizers,1
auto,1
jatob,1
centuries,1
canvas,1
hutchings,1
cornstalks,1
nuts,1
superheaters,1
dowmetal,1
daytime,1
manners,1
nets,1
scenery,1
immigrants,1
pt880,1
receptacles,1
ligands,1
ltp,1
ltd,1
asics,1
rainfall,1
caldera,1
trunks,1
ss7,1
fourplexes,1
multiplexes,1
automobiles,1
playlists,1
mutes,1
basses,1
lapelloy,1
howland,1
campbelltown,1
chalets,1
nipa,1
orks,1
evening,1
icom,1
turtlebacks,1
chert,1
sawali,1
employees,1
ejector,1
f2000,1
downloa,1
synthes,1
bins,1
minivans,1
autoracks,1
pictographs,1
mufflers,1
dynaride,1
shophouses,1
wheelchair,1
wnwo,1
carnival,1
gristmill,1
saili,1
espncricinfo,1
wago,1
cricketers,1
cricket,1
llancaiach,1
dependency,1
pontypridd,1
tydfil,1
brecon,1
weighs,1
vycor,1
ladles,1
tableware,1
confectionery,1
mbts,1
trousers,1
prussian,1
defeat,1
choices,1
cliburn,1
caricatures,1
hellifield,1
garsdale,1
reviews,1
earnings,1
wimbledon,1
trials,1
butterley,1
sohc,1
sohc2,1
petermann,1
toponyms,1
belt,1
fdds,1
wan,1
rpms,1
hell,1
era,1
evesham,1
k750,1
antenna,1
differentials,1
plaque,1
turnplates,1
seals,1
bourton,1
pines,1
gems,1
saints,1
virtues,1
european,1
precincts,1
commonwealth,1
crescent,1
alternative,1
sparrow,1
camera,1
pmr,1
ozone,1
reminisces,1
defi,1
biotite,1
backpackers,1
crm,1
swingarm,1
odakyu,1
boulders,1
warehouse,1
cembalets,1
taipei,1
edt,1
jackknifing,1
tenders,1
abit,1
motivators,1
convergent,1
crew,1
aramids,1
nokia,1
detract,1
radioisotopes,1
croydon,1
journals,1
bibliometrics,1
warehouses,1
hessian,1
schools,1
rccs,1
snapdragon,1
yesteryear,1
strategies,1
hooks,1
hydrogen,1
mississippi,1
mmf,1
protoboard,1
rai,1
masts,1
ogre,1
newscasts,1
millers,1
press,1
charleston,1
nat,1
oxen,1
unisys,1
swimfins,1
brickwork,1
middays,1
mediumwave,1
bologna,1
naples,1
asea,1
student,1
america,1
stairways,1
defenders,1
cablelabs,1
alumni,1
sighthounds,1
trespassers,1
indicator,1
freedom,1
driveways,1
fade,1
expensiv,1
club,1
path,1
gemstones,1
net,1
previ,1
fuji,1
addresses,1
launches,1
nanosatellites,1
swarms,1
nanosats,1
trajectories,1
picosatellites,1
ratchets,1
guatemala,1
laboratory,1
thales,1
biscay,1
soot,1
otago,1
lubumbashi,1
congo,1
hilux,1
soles,1
toecaps,1
boots,1
subroutine,1
tokens,1
revenge,1
citral,1
geraniol,1
compounds,1
railto,1
claws,1
nec,1
may25,1
chemical,1
parasaurolophini,1
lambeosaurini,1
idle,1
nebkota,1
risc,1
piscata,1
sgi,1
sills,1
sims,1
snake,1
welkom,1
odendaalsrus,1
jaws,1
lakewood,1
hydraulics,1
stele,1
scre,1
kub,1
belar,1
vanguard,1
buttresses,1
williamsburg,1
fills,1
callers,1
mainte,1
comm,1
drones,1
editors,1
markers,1
ceilings,1
packs,1
luna,1
kgfe,1
lists,1
mountaineers,1
munros,1
gee,1
italian,1
minibus,1
manmade,1
castlegar,1
renata,1
gears,1
conn,1
carbonates,1
oversight,1
jukeboxes,1
soldano,1
prognostics,1
harrisburg,1
status,1
exp,1
faculties,1
meetings,1
superblock,1
reason,1
citadels,1
grafton,1
serviceton,1
loans,1
advice,1
leakage,1
kiosks,1
c10e,1
wytheville,1
renters,1
brooklyn,1
jamaica,1
drm,1
buf,1
fixes,1
crtcs,1
advantages,1
odds,1
lard,1
potato,1
tribute,1
fj40,1
bilstein,1
sodium,1
teenagers,1
glacial,1
pinnae,1
vili,1
fireplace,1
elb,1
heaps,1
whimsy,1
receiv,1
uppers,1
slip,1
ther,1
suicide,1
liv,1
spark,1
retard,1
st300,1
jlns,1
matcha,1
exce,1
hybrids,1
lemmings,1
oakville,1
reggae,1
tca,1
beverages,1
chipstead,1
savage4,1
spills,1
axle,1
gdp,1
rabi,1
grosmont,1
whit,1
parcels,1
permalloy,1
frie,1
communitie,1
captain,1
tanystropheus,1
bias,1
waiti,1
oviraptorosaurs,1
bdu,1
tellos,1
cosplayers,1
craters,1
pellets,1
pentodes,1
rebar,1
benefit,1
trackballs,1
rwd,1
int,1
legends,1
prayers,1
breda,1
antwerp,1
icr,1
maximum,1
furnishings,1
rape,1
buggies,1
algol,1
stopcocks,1
siltstones,1
eac,1
metering,1
reactors,1
pevek,1
row,1
boutiques,1
xerox,1
framework,1
d10,1
dualseat,1
campus,1
algon,1
electrode,1
breadth,1
marshes,1
woodland,1
prisoners,1
ridgway,1
assets,1
wwf,1
wrestlemania,1
reviewers,1
barge,1
bunkers,1
kearny,1
kihoku,1
annapolis,1
transperth,1
asp,1
decoders,1
oakland,1
gunpai,1
pccw,1
cane,1
irda,1
fire-clay,1
licensure,1
iowans,1
enh,1
anfs,1
competitors,1
struggles,1
carriage,1
fronds,1
volutes,1
pain,1
crossties,1
kollsnes,1
oversands,1
bookshop,1
signa,1
full-scale,1
peak,1
msts,1
nrl,1
ebonys,1
cronulla,1
restraint,1
pipes,1
berlin,1
hamburg,1
silica,1
fbt,1
mozil,1
eucalyptus,1
succulents,1
mesquites,1
lagoon,1
cobre,1
requa,1
monte,1
exodia,1
steinways,1
clusters,1
loongisa,1
rida,1
driverless,1
ato,1
yamaha,1
snowm,1
dangak,1
knoxville,1
peers,1
zfs,1
reboots,1
anime,1
buil,1
kttc,1
afternoons,1
nights,1
theus,1
perak,1
regidors,1
snails,1
crustaceans,1
speciali,1
mansfield,1
polyphony,1
vcf,1
lewes,1
oppd,1
broadcasts,1
curtains,1
pyrenees,1
agents,1
lansdale,1
bulkheads,1
numbers,1
angola,1
com,1
pikes,1
asiaone,1
mullions,1
hull,1
acetone,1
locksmiths,1
broadcast,1
teotihuaca,1
grasshoppers,1
talud,1
relieves,1
pyramid,1
hig,1
mirror,1
joints,1
wall,1
texas,1
profes,1
jerr,1
billions,1
monetdb,1
perch,1
uavs,1
stokers,1
bica,1
fame,1
trucking,1
periods,1
gunfire,1
sonipat,1
emergenc,1
dynamite,1
swansea,1
brookline,1
amaya,1
metroid,1
castlevania,1
landline,1
weibel,1
remnants,1
bigrams,1
pujas,1
v30,1
radicals,1
plexiglass,1
palettes,1
ballis,1
elektrostal,1
ivangorod,1
clues,1
ywhae,1
sundays,1
syntax,1
debates,1
stairway,1
lifestyles,1
surfatrons,1
polyamide,1
discovery,1
user,1
yangzhou,1
downers,1
adrenoleukodystrophy,1
cats,1
plantings,1
seeme,1
ichthyosaurs,1
massachusetts,1
travis,1
aeb,1
lka,1
discbrakes,1
andalus,1
grotesques,1
moraine,1
custom,1
spikelets,1
monday,1
crag,1
mods,1
bet,1
saturday,1
oatley,1
scene,1
kilogram,1
horace,1
phenowood,1
composite,1
kolej,1
anothe,1
falkirk,1
emptyin,1
kits,1
alturas,1
price,1
jamma,1
wirings,1
samothrace,1
approach,1
northland,1
danbury,1
messymsxi,1
newton,1
fossils,1
smell,1
wma,1
mediterranean,1
eranakulam,1
drawi,1
uruhina,1
spring,1
-game,1
scor,1
showcase,1
hallmarks,1
sealdah,1
overvoltage,1
respectivel,1
duties,1
candelaria,1
cebu,1
laverton,1
werribee,1
degrade,1
wpst,1
sla,1
slate,1
bath,1
maojian,1
yunyang,1
cuttings,1
cap,1
coast,1
gamesradar,1
thems,1
frederica,1
calf,1
wheat,1
fisheries,1
rome,1
shippers,1
mesons,1
self-leveling,1
shop,1
volumes,1
scouts,1
scouters,1
blouse,1
planet,1
vhf,1
nar,1
slogans,1
tremolo,1
e911,1
weaknesses,1
runn,1
braille,1
schist,1
couple,1
nut,1
ewr,1
costumes,1
voices,1
bypa,1
chickens,1
pigs,1
consonants,1
vector,1
dormitories,1
comedy,1
backgrounds,1
simulcrypt,1
cablecards,1
viaducts,1
tag,1
malta,1
cyprus,1
carolina,1
aftertouch,1
bowdoin,1
xiv,1
waterbodies,1
mandarin,1
standar,1
countryside,1
postcards,1
self-recover,1
representatives,1
coasts,1
includ,1
oscilloscopes,1
sources,1
teak,1
toes,1
waitin,1
itx,1
macintosh,1
gusts,1
tho,1
shroud,1
wtgs,1
8mb,1
helston,1
arias,1
recitatives,1
msdn,1
clippings,1
luimes,1
brexit,1
variometers,1
aids,1
moves,1
utilidor,1
utili,1
plumbing,1
waste,1
apsn,1
hats,1
karanda,1
octagon,1
arcade,1
arrivals,1
crono,1
janess,1
studs,1
railcar,1
invar,1
nave,1
radiologist,1
shrub,1
jeteffect,1
raunheim,1
eddersheim,1
earthworks,1
nuremberg,1
frankfurt,1
dreieck,1
snares,1
cou,1
stamford,1
comedians,1
huntsville,1
mooresville,1
rickshaws,1
capita,1
drivin,1
kmc,1
grigio,1
hex,1
atlantis,1
item,1
disrepair,1
moss,1
cosmetic,1
cobras,1
crowns,1
beatty,1
roofs,1
ruska,1
fingerprint,1
antarctica,1
velachery,1
chenn,1
insight,1
businessmen,1
spokes,1
archival,1
sailors,1
originals,1
120kv,1
strales,1
tdma,1
m95,1
factories,1
reso,1
territories,1
ongo,1
bypasses,1
exxonmobil,1
veins,1
amazon,1
html,1
bleriots,1
m863,1
starch,1
beans,1
asroc,1
inhumans,1
cassava,1
maize,1
rumbia,1
splinters,1
pars,1
cockerill,1
fuchs,1
tap,1
nad,1
chest,1
yard,1
shipping,1
boilers,1
childhood,1
picatinny,1
manoharabad,1
umdanagar,1
ras,1
subsystem,1
wolframite,1
contai,1
stimulus,1
insulator,1
shanghai,1
commutator,1
hadaka,1
mechnikov,1
sync,1
displayport1,1
3008wfp,1
bakersfield,1
crosswalks,1
portraits,1
loadings,1
airframe,1
daegok,1
gamers,1
museums,1
turku,1
darts,1
cheeks,1
salabhanvka,1
aeroplanes,1
rarde,1
gem,1
masaharu,1
counterweights,1
orson,1
chutes,1
stingers,1
scrs,1
diacs,1
synthesizers,1
demol,1
ertms,1
borsuk,1
friends,1
dsi,1
softw,1
wiiware,1
challenges,1
destroyers,1
sands,1
nutrients,1
urbanismo,1
copalum,1
rapport,1
shakes,1
purcellville,1
bluemont,1
dayton,1
overs,1
grandma,1
mommy,1
interval,1
chico,1
bowie,1
albion,1
aggregates,1
alium,1
lcd,1
hurricanes,1
camping,1
dog,1
offerings,1
birch,1
rawhide,1
meccano,1
inches,1
lubricators,1
fids,1
satire,1
bergen,1
bedrock,1
ballast,1
stabilizers,1
diode,1
paducah,1
tolls,1
colour,1
polearms,1
gene,1
escs,1
director,1
scandinavia,1
stralsund,1
tolltag,1
climates,1
crawlers,1
bwes,1
languages,1
lands,1
flocks,1
herds,1
haparanda,1
halmstad,1
asteroids,1
consistency,1
pzb,1
ffb,1
adders,1
area,1
constraints,1
buranda,1
hoenn,1
e7240,1
aea,1
racedays,1
amperes,1
westwood,1
bandages,1
churchward,1
telus,1
wel,1
iphone,1
ipad,1
interfaces,1
shawn,1
ros,1
textpack,1
paracord,1
zag,1
ati,1
enigma,1
sunol,1
parramatta,1
xnview,1
journey,1
acrylic,1
paintings,1
etchings,1
drawings,1
disposal,1
satellite,1
jute,1
coolit,1
sagm,1
developm,1
22nd,1
purlins,1
mouldings,1
ashlar,1
nyatoh,1
curbs,1
gutters,1
spires,1
splendour,1
sens,1
cathedral,1
outwards,1
marketplaces,1
turnaround,1
broadband,1
ams,1
drummond,1
bridgeville,1
splitters,1
arras,1
guides,1
internet,1
camelot,1
thief,1
structure,1
learners,1
facts,1
gateway,1
containe,1
cad,1
cam,1
attendees,1
skylights,1
auditorium,1
cafeterias,1
souvenirs,1
pedogeni,1
fireclay,1
companions,1
self-consistency,1
kizu,1
nara,1
modem,1
argentine,1
yards,1
brightwood,1
perr,1
substructure,1
settlers,1
iceman,1
coryton,1
coastlines,1
microphones,1
photolithography,1
tianjin,1
camshaft,1
regenerati,1
clothes,1
amigaos,1
arlington,1
volts,1
surface,1
norf,1
foxconn,1
overclocking,1
nort,1
dialogue,1
okibe,1
takara,1
handhelds,1
kgps,1
decompilati,1
hawthorn,1
lansda,1
moe,1
nsw,1
vh1,1
zagreb,1
meetro,1
sales,1
moult,1
plumage,1
gallery,1
kb930qf,1
sierra,1
treasures,1
dungeons,1
merthyr,1
pontypool,1
neath,1
sport,1
bottlenecks,1
kac,1
xm110,1
m110,1
wishbones,1
christ,1
bank,1
hadda,1
12tonnes,1
impulse,1
exercises,1
producers,1
lacebark,1
drawhooks,1
powys,1
videography,1
gasket,1
ytterbium,1
vermont,1
laforet,1
nsb,1
bpa,1
stealth,1
sheepskin,1
tuff,1
microphenocrysts,1
olivine,1
windsor,1
hamid,1
varta,1
nakanishi,1
backlash,1
outpu,1
pittsburgh,1
thermostats,1
augers,1
clinkers,1
foods,1
canal,1
indiana,1
magician,1
marymere,1
crime,1
ultraviolet,1
spectralon,1
att,1
self-harm,1
stallions,1
pets,1
crates,1
spells,1
rattan,1
liff,1
cash,1
bids,1
griffins,1
bledington,1
shadowcat,1
diffusa,1
resea,1
thunderbird,1
hulk,1
emus,1
multiple,1
spud,1
faxes,1
mails,1
batavia,1
buitenzorg,1
tandjoeng,1
hgcdte,1
svo,1
xantia,1
msnbc,1
ties,1
guam,1
rowe,1
danish,1
sage,1
eggs,1
khqa,1
parbars,1
brushgear,1
commutators,1
camac,1
vmebus,1
formats,1
floors,1
pafawag,1
wroc,1
oldsmo,1
dimage,1
ripple,1
dragons,1
softwood,1
rococo,1
scrolls,1
townhouse,1
geos,1
brimstone,1
piranha,1
-body,1
strobe,1
revenues,1
taiwan,1
autographs,1
withou,1
bulletins,1
bombay,1
handcrafts,1
outsiders,1
spreadsheets,1
musicians,1
synthesis,1
greece,1
nscat,1
infers,1
airfields,1
starplus,1
cfs,1
arizona,1
week,1
simd,1
oems,1
remixes,1
gradius,1
twinbee,1
dissymmetry,1
kyrgyzstan,1
howitzers,1
wwi,1
aix,1
donuts,1
vilacoba,1
uma,1
exclaves,1
spar,1
kxtf,1
ravines,1
scales,1
stadtbahn,1
teddington,1
geek,1
crossings,1
hudsons,1
beauforts,1
documentary,1
anthropology,1
tampines,1
delmar,1
lawn,1
lace,1
skirt,1
canions,1
cyane,1
depr,1
whirlpools,1
moonstones,1
nbc,1
cor,1
railyard,1
microducts,1
clasts,1
num,1
frames,1
chondrichthyans,1
baseplate,1
falcatidae,1
fantasy,1
architect,1
marseille,1
constantine,1
inlets,1
sandy,1
machinery,1
niches,1
megafauna,1
combatron,1
metropolitan,1
ligh,1
selectshift,1
boulogne,1
lexus,1
eu07,1
midwestern,1
bargeboards,1
fasces,1
corridors,1
interiors,1
snacks,1
drinks,1
en57al,1
driveline,1
canoes,1
rigs,1
fanfares,1
roadways,1
malay,1
traxx,1
breccias,1
piles,1
transfers,1
uwb,1
duewag,1
qnn,1
vermin,1
calatrava,1
foxnet,1
harts,1
padding,1
guitarists,1
sidings,1
muar,1
birnam,1
zinc,1
genres,1
g400,1
dualhead,1
matrox,1
embm,1
wmata,1
motifs,1
walrus,1
restaurant,1
footings,1
239pu,1
tens,1
uvd2,1
powerplay,1
terascale,1
souls,1
mothers,1
decks,1
-eti,1
regions,1
grey,1
races,1
disk,1
slabs,1
seath,1
roquefort,1
abdomen,1
skinfolds,1
camp,1
resistor,1
supporters,1
walsenburg,1
facets,1
opencapi,1
oracle,1
mainframe,1
parquet,1
ukuleles,1
savings,1
toggle,1
prong,1
samurai,1
swordattacks,1
bechtel,1
backrests,1
surplus,1
republic,1
thunderjets,1
solo,1
pitchers,1
seepage,1
cbst,1
spokespeople,1
knobs,1
muni,1
seashore,1
stickers,1
facilitate,1
snakeskin,1
icebergs,1
t568a,1
gingerbread,1
rescuers,1
bruchhause,1
subsidies,1
families,1
mortlach,1
neighbors,1
ambattar,1
tamil,1
bce,1
slack,1
manometers,1
lite,1
ballroom,1
dorsey,1
harmans,1
cmos,1
figurines,1
van,1
rust,1
bru,1
policies,1
denial,1
performers,1
transilie,1
chapelle,1
san,1
gables,1
expresscardexpresscard,1
galaxy,1
staffel,1
cup,1
lepidosauromorpha,1
fun,1
tongue,1
chamf,1
roof,1
trestles,1
goals,1
eutran,1
hspa,1
tgv,1
court,1
parit,1
verandahs,1
lynnwood,1
tactile,1
runway,1
presses,1
bonuses,1
xhrio,1
unease,1
guerrita,1
lagartijo,1
taillamps,1
yatton,1
nailsea,1
catalytic converters,15
many cases,4
some cases,4
interchangeable choke tubes,4
serial ports,3
two rings,3
heat sinks,2
infrared sensors,2
three concentric tubes,2
slanted case,2
digital converters,2
two ports,2
most cases,2
which case,2
headlight washers,2
heat sink,2
dust filters,2
two spark plugs,2
four torpedo tubes,2
plain bearings,2
artificial contact sensors,2
both host adapters,1
planar expansion shrinking cap,1
two atari joystick ports,1
miniature tube,1
vacuum tubes,1
small cases,1
four multiplexed ports,1
eight cores,1
smaller ware stacking ports,1
three different fuses,1
its barrel bolt,1
rare cases,1
two boots,1
master system ports,1
ports game ports,1
brake pads,1
other tubes,1
propane tubing,1
thermionic tube,1
uv-filtering sleeves,1
energy shields,1
legacy ports,1
light housings,1
its wired sibling ethernet,1
neutral density filters,1
16 ballistic missile tubes,1
first boot,1
32 or 1024 cores,1
overhead cover,1
solid and stranded cores,1
front and rear tool mounting brackets,1
dance pads,1
six concentric oval rings,1
video output ports,1
submarine torpedo tubes,1
4 608 cuda cores,1
576 tensor cores,1
16384 cores,1
eight cpu cores,1
ports hospitals,1
hardware sensors,1
fused silica capillaries,1
two nested cylindrical tubes,1
two nested tubes,1
only one tube,1
automatic dirt sensors,1
parallel tubes,1
external tubing,1
sterile tubing,1
shorter tubes,1
frame tubing,1
ski boots,1
larger ports,1
colored filters,1
lc and resistive sensors,1
braided strands,1
acceleration sensors,1
large passive heat sinks,1
wall outlets car chargers,1
travel chargers,1
self-magnetized iron cores,1
rugged hiking boots,1
sensors fans,1
clamshell case,1
removable and washable air filters,1
trs phone plugs,1
three superimposed elliptic rings,1
pub grill,1
cloth filters,1
both proximity and impact fuses,1
either shields hull,1
traditional bolt,1
insulated spacers,1
ethernet ports,1
electric grills,1
semi-stiff boots,1
slum housing,1
l tapes,1
audio filters,1
other converters,1
ad converters,1
two tubes,1
flexible wraps,1
bond pads,1
its heat sink,1
other filters,1
video filters subtitle support,1
joystick ports,1
remote heat sink,1
baseball caps,1
older tubes,1
electrostatic air filters,1
equal converters,1
fewer ports,1
black general purpose boots,1
black work boots,1
several sensors,1
four catalytic converters,1
standard headlight washers,1
pipelines pressure vessels pig traps filters,1
circular wrought iron rings,1
20 pads,1
serial communications ports,1
only one bidirectional tube,1
aftertouch rgb pads,1
alligator clips,1
passive heatsinks,1
100 ports,1
military ports,1
two processor cores,1
cylinder pressure sensors,1
five main bearings,1
spare tyre cover,1
invisible energy shields,1
exhaust augmenter tubes,1
sloping boot,1
dedicated analog converters,1
three tubes,1
6p4c plugs,1
octal tubes,1
vegetation cover,1
open display cases,1
brick brackets,1
electric windscreen washers,1
two screws,1
screw-in choke tubes,1
or the arcadia ring,1
standard iso twistlock clamps,1
dual ports,1
cylindrical or rectangular tubes,1
fused quartz,1
moderate cover,1
iron sleeved cylinder bores,1
standard and spectrum+ case,1
manifold tubing,1
six oval ports,1
pressure pads,1
rein rings,1
cpus and heat sinks,1
two extra hdd ports,1
neon tubes,1
adjustment screws,1
pressure sensors,1
roller bearings,1
friction plain bearings,1
three sensors,1
single-family housing,1
various converters,1
thin phyllo dough wraps,1
several concentric rings,1
gas ports,1
several different torque converters,1
e cores,1
its cover,1
any case,1
gigabit ethernet ports,1
redundant battery chargers,1
two additional cartridge ports,1
three cartridge ports,1
relatively large heatsinks,1
twinport technology twin intake ports,1
affordable housing,1
five large rings,1
modified cases,1
cloud cover,1
sensors cameras,1
bundled ports,1
decorative timber brackets,1
j1772 plugs,1
even vacuum tubes,1
concentric tubes,1
insulated clamps,1
rotary speed sensors,1
certain cases,1
two highpass filters,1
iron cores,1
individual ports,1
three way catalytic converters,1
dried frog fallopian tubes,1
new motors and power converters,1
four shielded twisted pairs,1
fin heat sinks,1
robust inflatable tubes,1
other sensors,1
its case,1
beaded edge detail,1
two bobcat x86 cores,1
40 launch tubes,1
20 tubes,1
multiple ports,1
available windshield washers,1
hollow cores,1
two set screws,1
approximately 900 sensors,1
unofficial ports,1
grenade launching adapters,1
grenade launcher adapters,1
special grade fused silica,1
twisted or braided strands,1
five sensors,1
two nuts,1
heat sensors,1
sometimes vacuum sensors,1
hepa filters,1
such fiber optic sensors,1
four cores,1
carbon fiber tubes,1
structural fuses,1
one or two dvi ports,1
different air filters,1
32 ports,1
large chargers,1
up to 14 cores,1
pressure tube,1
decorative grilles,1
passive adapters,1
magazine tube,1
torque converters,1
centrally located spark plugs,1
2 m6 bolts,1
1 m8 bolt,1
